Nome_leitura;endereco;pginic;pgfin;Autor;Orientador;Ano;Nível;Instituicao;TipoInst;nota_CAPES;UF;Região
2016_DanielNogueiraGandra;Diss 1.1\Particulares\FGVRIO\Mestrado;177;183;GANDRA, Daniel;ALBERTI, Verena;2016;Mestrado;FGVRIO;Privada;5;RJ;SE
2017_CamilaMoraesMarques;Diss 1.1\Particulares\FGVRIO\Doutorado;172;179;MARQUES, Camila;ALBERTI, Verena;2017;Doutorado;FGVRIO;Privada;5;RJ;SE
2014_JoseLucioSilvaMachado;Diss 1.1\Particulares\FUPF\Mestrado;152;157;MACHADO, José;MAESTRI FILHO, Mário;2014;Mestrado;FUPF;Privada;4;RS;S
2014_MauricioLopesLima;Diss 1.1\Particulares\FUPF\Mestrado;123;128;LIMA, Mauricio;MAESTRI FILHO, Mário;2014;Mestrado;FUPF;Privada;4;RS;S
2014_KatiaMariaCarvalhoMarques;Diss 1.1\Particulares\PUCGOIAS\Mestrado;117;123;MARQUES, Katia;REIMER, Ivoni;2014;Mestrado;PUCGOIAS;Privada;3;GO;CO
2015_SegismundaSampaioSilvaNeta;Diss 1.1\Particulares\PUCGOIAS\Mestrado;150;157;SILVA NETA, Segismunda;FERREIRA NETO, Maria;2015;Mestrado;PUCGOIAS;Privada;3;GO;CO
2014_DiegoAmaroAlmeida;Diss 1.1\Particulares\PUCSP\Mestrado;132;136;ALMEIDA, Diego;DIAS, Maria;2014;Mestrado;PUCSP;Privada;4;SP;SE
2014_RafaelGonzagaMacedo;Diss 1.1\Particulares\PUCSP\Mestrado;108;118;MACEDO, Rafael;ANTONACCI, Maria;2014;Mestrado;PUCSP;Privada;4;SP;SE
2014_VeraLuciaAlbaReisDias;Diss 1.1\Particulares\PUCSP\Mestrado;160;168;DIAS, Vera;BRITES, Olga;2014;Mestrado;PUCSP;Privada;4;SP;SE
2015_LuizPauloAlvesCruz;Diss 1.1\Particulares\PUCSP\Mestrado;173;178;CRUZ, Luiz;DIAS, Antônio;2015;Mestrado;PUCSP;Privada;4;SP;SE
2017_AdrianaMariaSouza;Diss 1.1\Particulares\PUCSP\Mestrado;89;91;SOUZA, Adriana;AZEVEDO, Amailton;2017;Mestrado;PUCSP;Privada;4;SP;SE
2017_JeffersonMarianoSantana;Diss 1.1\Particulares\PUCSP\Mestrado;125;127;SANTANA, Jefferson;LONDOÑO, Fernando;2017;Mestrado;PUCSP;Privada;4;SP;SE
2018_MateusHenriqueObristiCastilho;Diss 1.1\Particulares\PUCSP\Mestrado;77;79;CASTILHO, Mateus;FRAGA, Estefania;2018;Mestrado;PUCSP;Privada;4;SP;SE
2014_EduardoAntonioEstevesSantos;Diss 1.1\Particulares\PUCSP\Doutorado;245;258;SANTOS, Eduardo;CRUZ, Heloísa;2014;Doutorado;PUCSP;Privada;4;SP;SE
2018_DaniloLuizMarques;Diss 1.1\Particulares\PUCSP\Doutorado;343;359;MARQUES, Danilo;MATOS, Maria;2018;Doutorado;PUCSP;Privada;4;SP;SE
2017_MatheusBatalhaBom;Diss 1.1\Particulares\UNISINOS\Mestrado;199;216;BOM, Matheus;MOREIRA, Paulo;2017;Mestrado;UNISINOS;Privada;5;RS;S
2017_TuaneLudwigDihl;Diss 1.1\Particulares\UNISINOS\Mestrado;160;171;DIHL, Tuane;MOREIRA, Paulo;2017;Mestrado;UNISINOS;Privada;5;RS;S
2019_MarinaCamiloHaack;Diss 1.1\Particulares\UNISINOS\Mestrado;215;231;HAACK, Marina;MOREIRA, Paulo;2019;Mestrado;UNISINOS;Privada;5;RS;S
2015_RenildaVicenzi;Diss 1.1\Particulares\UNISINOS\Doutorado;216;226;VICENZI, Renilda;MOREIRA, Paulo;2015;Doutorado;UNISINOS;Privada;5;RS;S
2016_EnioGrigio;Diss 1.1\Particulares\UNISINOS\Doutorado;289;306;GRIGIO, Ênio;MOREIRA, Paulo;2016;Doutorado;UNISINOS;Privada;5;RS;S
2017_AndreNascimentoCorrea;Diss 1.1\Particulares\UNISINOS\Doutorado;191;211;CORRÊA, André;MOREIRA, Paulo;2017;Doutorado;UNISINOS;Privada;5;RS;S
2017_YuriCosta;Diss 1.1\Particulares\UNISINOS\Doutorado;323;355;COSTA, Yuri;MOREIRA, Paulo;2017;Doutorado;UNISINOS;Privada;5;RS;S
2016_JoaoBatistaCorrea;Diss 1.1\Particulares\UNIVERSO\mestrado;146;148;CORREA, João;ENGEMANN, Carlos;2016;Mestrado;UNIVERSO;Privada;4;RJ;SE
2017_BeatrizSimaoGontijoSilva;Diss 1.1\Particulares\UNIVERSO\mestrado;113;120;SILVA, Beatriz;SOUSA, Jorge;2017;Mestrado;UNIVERSO;Privada;4;RJ;SE
2017_LuizCarlosCarvalhoNora;Diss 1.1\Particulares\UNIVERSO\mestrado;131;136;NORA, Luiz;FALCON, Francisco;2017;Mestrado;UNIVERSO;Privada;4;RJ;SE
2017_MariaLourdesGomide;Diss 1.1\Particulares\UNIVERSO\mestrado;179;194;GOMIDE, Maria;SOUSA, Jorge;2017;Mestrado;UNIVERSO;Privada;4;RJ;SE
2017_MirianCristinaSiqueiraCristo;Diss 1.1\Particulares\UNIVERSO\mestrado;161;183;CRISTO, Mirian;AMANTINO, Marcia;2017;Mestrado;UNIVERSO;Privada;4;RJ;SE
2017_RogerioPaivaNavarro;Diss 1.1\Particulares\UNIVERSO\mestrado;296;316;NAVARRO, Rogerio;CARULA, Karoline;2017;Mestrado;UNIVERSO;Privada;4;RJ;SE
2017_SoniaFerreiraJobimCarvalho;Diss 1.1\Particulares\UNIVERSO\mestrado;249;263;CARVALHO, Sonia;AMANTINO, Marcia;2017;Mestrado;UNIVERSO;Privada;4;RJ;SE
2018_AlessandraMendoncaReis;Diss 1.1\Particulares\UNIVERSO\mestrado;140;146;REIS, Alessandra;CARVALHO, Marieta;2018;Mestrado;UNIVERSO;Privada;4;RJ;SE
2016_FernandaRibeiroRochaFagundes;Diss 1.1\Federais\Fiocruz\Mestrado;224;233;FAGUNDES, Fernanda;FONSECA, Maria;2016;Mestrado;FIOCRUZ;Federal;5;RJ;SE
2014_KeithValeriaOliveiraBarbosa;Diss 1.1\Federais\Fiocruz\Doutorado;246;255;BARBOSA, Keith;FONSECA, Maria;2014;Doutorado;FIOCRUZ;Federal;5;RJ;SE
2016_DanieleCorreaRibeiro;Diss 1.1\Federais\Fiocruz\Doutorado;238;247;RIBEIRO, Daniele;EDLER, Flavio;2016;Doutorado;FIOCRUZ;Federal;5;RJ;SE
2017_AnneKarollineCamposMendonca;Diss 1.1\Federais\UFAL\Mestrado;195;202;MENDONCA, Anne;CAETANO, Antônio;2017;Mestrado;UFAL;Federal;3;AL;NE
2017_GustavoBezerraBarbosa;Diss 1.1\Federais\UFAL\Mestrado;122;130;BARBOSA, Gustavo;SANTOS, Irinéia;2017;Mestrado;UFAL;Federal;3;AL;NE
2017_WellingtonJoseGomesSilva;Diss 1.1\Federais\UFAL\Mestrado;144;147;SILVA, Wellington;SILVA, Gian;2017;Mestrado;UFAL;Federal;3;AL;NE
2018_MariliaLimaAraujo;Diss 1.1\Federais\UFAL\Mestrado;186;194;ARAUJO, Marilia;MELO, Gian;2018;Mestrado;UFAL;Federal;3;AL;NE
2019_RicardoAlvezSilvaSantos;Diss 1.1\Federais\UFAL\Mestrado;122;127;SANTOS, Ricardo;MACIEL, Osvaldo;2019;Mestrado;UFAL;Federal;3;AL;NE
2019_RobsonWilliamsBarbosaSantos;Diss 1.1\Federais\UFAL\Mestrado;141;151;SANTOS, Robson;SILVA, Gian;2019;Mestrado;UFAL;Federal;3;AL;NE
2019_SandraCatarinaSena;Diss 1.1\Federais\UFAL\Mestrado;85;87;SENA, Sandra;PALAMARTCHUK, Ana;2019;Mestrado;UFAL;Federal;3;AL;NE
2014_GlaucieneCostaMaia;Diss 1.1\Federais\UFAM\Mestrado;124;132;MAIA, Glauciene;CARVALHO JÚNIOR, Almir;2014;Mestrado;UFAM;Federal;4;AM;N
2019_LuzianeNairLobatoSantos;Diss 1.1\Federais\UFAM\Mestrado;102;109;SANTOS, Luziane;MELLO, Marcia;2019;Mestrado;UFAM;Federal;4;AM;N
2014_CarlosRobertoSantosMaciel;Diss 1.1\Federais\UFBA\Mestrado;196;201;MACIEL, Carlos;RAPASSI, Maria;2014;Mestrado;UFBA;Federal;4;BA;NE
2014_VictorSantosGoncalves;Diss 1.1\Federais\UFBA\Mestrado;214;226;GONCALVES, Victor;PIRES, Maria;2014;Mestrado;UFBA;Federal;4;BA;NE
2015_CristianeSantosJesus;Diss 1.1\Federais\UFBA\Mestrado;91;94;JESUS, Cristiane;ALBUQUERQUE, Wlamyra;2015;Mestrado;UFBA;Federal;4;BA;NE
2015_DimasCataiSantosJunior;Diss 1.1\Federais\UFBA\Mestrado;128;137;SANTOS JÚNIOR, Dimas;SOUZA, Evegton;2015;Mestrado;UFBA;Federal;4;BA;NE
2015_RaizaCristinaCanutaHora;Diss 1.1\Federais\UFBA\Mestrado;161;169;HORA, Raiza;PIRES, Maria;2015;Mestrado;UFBA;Federal;4;BA;NE
2015_UeltonFreitasRocha;Diss 1.1\Federais\UFBA\Mestrado;197;204;ROCHA, Uelton;MASCARENHAS, Maria;2015;Mestrado;UFBA;Federal;4;BA;NE
2016_AlanCostaCerqueira;Diss 1.1\Federais\UFBA\Mestrado;165;179;CERQUEIRA, Alan;SAMPAIO, Gabriela;2016;Mestrado;UFBA;Federal;4;BA;NE
2016_EliseuSantosFerreiraSilva;Diss 1.1\Federais\UFBA\Mestrado;156;170;SILVA, Eliseu;SILVA, Eliseu;2016;Mestrado;UFBA;Federal;4;BA;NE
2016_FernandaGomesRocha;Diss 1.1\Federais\UFBA\Mestrado;185;192;ROCHA, Fernanda;PIRES, Maria;2017;Mestrado;UFBA;Federal;4;BA;NE
2017_AntonioNonatoSantosOliveira;Diss 1.1\Federais\UFBA\Mestrado;126;131;OLIVEIRA, Antonio;SAMPAIO, Gabriela;2017;Mestrado;UFBA;Federal;4;BA;NE
2017_SimonyOliveiraLima;Diss 1.1\Federais\UFBA\Mestrado;209;214;LIMA, Simony;PIRES, Maria;2017;Mestrado;UFBA;Federal;4;BA;NE
2014_JacksonAndreSilvaFerreira;Diss 1.1\Federais\UFBA\Doutorado;261;278;FERREIRA, Jackson;REIS, João;2014;Doutorado;UFBA;Federal;4;BA;NE
2014_JoceneideCunhaSantos;Diss 1.1\Federais\UFBA\Doutorado;307;319;SANTOS, Joceneide;SOARES, Carlos;2014;Doutorado;UFBA;Federal;4;BA;NE
2016_AlexAndradeCosta;Diss 1.1\Federais\UFBA\Doutorado;202;213;COSTA, Alex;PIRES, Maria;2016;Doutorado;UFBA;Federal;4;BA;NE
2016_TaniaMariaPintoSantana;Diss 1.1\Federais\UFBA\Doutorado;275;298;SANTANA, Tania;SOUZA, Evegton;2016;Doutorado;UFBA;Federal;4;BA;NE
2017_AndersonPereiraSantos;Diss 1.1\Federais\UFBA\Doutorado;296;340;SANTOS, Anderson;MASCARENHAS, Maria;2017;Doutorado;UFBA;Federal;4;BA;NE
2017_MayaraPlascidoSilva;Diss 1.1\Federais\UFBA\Doutorado;217;224;SILVA, Mayara;PIRES, Maria;2017;Doutorado;UFBA;Federal;4;BA;NE
2017_PauloCesarOliveiraJesus;Diss 1.1\Federais\UFBA\Doutorado;186;195;JESUS, Paulo;REIS, João;2017;Doutorado;UFBA;Federal;4;BA;NE
2018_DanieleSantosSouza;Diss 1.1\Federais\UFBA\Doutorado;307;325;SOUZA, Daniele;REIS, João;2018;Doutorado;UFBA;Federal;4;BA;NE
2018_RosangelaFigueiredoMiranda;Diss 1.1\Federais\UFBA\Doutorado;233;242;MIRANDA, Rosangela;PIRES, Maria;2018;Doutorado;UFBA;Federal;4;BA;NE
2015_AndersonGalvao;Diss 1.1\Federais\UFC\Mestrado;152;158;GALVÃO, Anderson;OLIVEIRA, Irenísia;2015;Mestrado;UFC;Federal;4;CE;NE
2016_FranciscoHeltonAraujoOliveiraFilho;Diss 1.1\Federais\UFC\Mestrado;144;152;OLIVEIRA FILHO, Francisco;FUNES, Eurípedes;2016;Mestrado;UFC;Federal;4;CE;NE
2018_LuizaLeilaVelezMiranda;Diss 1.1\Federais\UFC\Mestrado;118;125;Miranda, Luiza;RIBARD, Franck;2018;Mestrado;UFC;Federal;4;CE;NE
2014_DarlanOliveiraReisJunior;Diss 1.1\Federais\UFC\Doutorado;291;304;REIS JÚNIOR, Darlan;NEVES, Frederico;2014;Doutorado;UFC;Federal;4;CE;NE
2015_AnaSaraRibeiroParenteCortezIrffi;Diss 1.1\Federais\UFC\Doutorado;338;354;IRFFI, Ana;RIBARD, Franck;2015;Doutorado;UFC;Federal;4;CE;NE
2015_RaimundoNonatoRodriguesSouza;Diss 1.1\Federais\UFC\Doutorado;208;220;SOUZA, Raimundo;FUNES, Eurípedes;2015;Doutorado;UFC;Federal;4;CE;NE
2017_FranciscaRaquelCosta;Diss 1.1\Federais\UFC\Doutorado;304;319;COSTA, Francisca;RIBARD, Franck;2017;Doutorado;UFC;Federal;4;CE;NE
2017_JofreTeofiloVieira;Diss 1.1\Federais\UFC\Doutorado;272;285;VIEIRA, Jofre;FUNES, Eurípedes;2017;Doutorado;UFC;Federal;4;CE;NE
2018_EyloFagnerSilvaRodrigues;Diss 1.1\Federais\UFC\Doutorado;378;402;RODRIGUES, Eylo;FUNES, Eurípedes;2018;Doutorado;UFC;Federal;4;CE;NE
2019_JoseMariaVieiraAndrade;Diss 1.1\Federais\UFC\Doutorado;240;248;ANDRADE, José;RIBARD, Franck;2019;Doutorado;UFC;Federal;4;CE;NE
2014_HarrietKarolinaGaldinoDosSantos;Diss 1.1\Federais\UFCG\Mestrado;112;116;SANTOS, Harriet;APOLINÁRIO, Juciene;2014;Mestrado;UFCG;Federal;3;PB;NE
2014_JoseDeSousaPequenoFilho;Diss 1.1\Federais\UFCG\Mestrado;280;283;PEQUENO FILHO, José;LIMA, Luciano;2014;Mestrado;UFCG;Federal;3;PB;NE
2014_ThiagoSilveiraDeMelo;Diss 1.1\Federais\UFCG\Mestrado;102;105;MELO, Thiago;APOLINÁRIO, Juciene;2014;Mestrado;UFCG;Federal;3;PB;NE
2015_PedroNicacioSouto;Diss 1.1\Federais\UFCG\Mestrado;149;154;SOUTO, Pedro;LIMA, Luciano;2015;Mestrado;UFCG;Federal;3;PB;NE
2018_MariaReginaAlvesReis;Diss 1.1\Federais\UFCG\Mestrado;132;135;REIS, Maria;SOUZA, Antônio;2018;Mestrado;UFCG;Federal;3;PB;NE
2016_KarolinaFernandesRocha;Diss 1.1\Federais\UFES\Mestrado;124;133;ROCHA, Karolina;CAMPOS, Adriana;2016;Mestrado;UFES;Federal;5;ES;SE
2016_ThiaraBernardoDutra;Diss 1.1\Federais\UFES\Mestrado;164;174;DUTRA, Thiara;CAMPOS, Adriana;2016;Mestrado;UFES;Federal;5;ES;SE
2017_MarcosAurelioSantosVertelo;Diss 1.1\Federais\UFES\Mestrado;107;111;VERTELO, Marcos;CAMPOS, Adriana;2017;Mestrado;UFES;Federal;5;ES;SE
2019_LaryssaSilvaMachado;Diss 1.1\Federais\UFES\Mestrado;197;205;MACHADO, Laryssa;CAMPOS, Adriana;2019;Mestrado;UFES;Federal;5;ES;SE
2018_RafaelaDomingosLagoNunes;Diss 1.1\Federais\UFES\Doutorado;220;237;NUNES, Rafaela;CAMPOS, Adriana;2018;Doutorado;UFES;Federal;5;ES;SE
2019_JoseMaurieneAraujoFelipe;Diss 1.1\Federais\UFES\Doutorado;339;363;FELIPE, José;FRANCO, Sebastião;2019;Doutorado;UFES;Federal;5;ES;SE
2019_RaphaelAmericanoCamara;Diss 1.1\Federais\UFES\Doutorado;170;188;CÂMARA, Raphael;FRANCO, Sebastião;2019;Doutorado;UFES;Federal;5;ES;SE
2014_AlanSantosRibeiro;Diss 1.1\Federais\UFF\Mestrado;172;181;RIBEIRO, Alan;GUIMARÃES, Carlos;2014;Mestrado;UFF;Federal;7;RJ;SE
2014_FlavioSantosNascimento;Diss 1.1\Federais\UFF\Mestrado;160;174;NASCIMENTO, Flavio;VIANA, Larissa;2014;Mestrado;UFF;Federal;7;RJ;SE
2014_PauloCezarMirandaNacif;Diss 1.1\Federais\UFF\Mestrado;183;192;MIRANDA JÚNIOR, Paulo;FARIA, Sheila;2014;Mestrado;UFF;Federal;7;RJ;SE
2014_RodrigoMarinsMarreto;Diss 1.1\Federais\UFF\Mestrado;166;172;MARRETO, Rodrigo;VIANA, Larissa;2014;Mestrado;UFF;Federal;7;RJ;SE
2014_ValterMattosCosta;Diss 1.1\Federais\UFF\Mestrado;229;238;COSTA, Valter;SARAIVA, Luiz;2014;Mestrado;UFF;Federal;7;RJ;SE
2015_FernandoBrittoFalci;Diss 1.1\Federais\UFF\Mestrado;112;115;FALCI, Fernando;MACHADO, Humberto;2015;Mestrado;UFF;Federal;7;RJ;SE
2016_CarolineSantosGuedes;Diss 1.1\Federais\UFF\Mestrado;130;148;GUEDES, Caroline;SECRETO, Maria;2016;Mestrado;UFF;Federal;7;RJ;SE
2016_EdilsonNunesSantosJunior;Diss 1.1\Federais\UFF\Mestrado;168;177;SANTOS JÚNIOR, Edilson;RIBEIRO, Gladys;2016;Mestrado;UFF;Federal;7;RJ;SE
2016_JessikaSamyaLadislauPereiraCosta;Diss 1.1\Federais\UFF\Mestrado;140;146;COSTA, Jéssika;SOARES, Luiz;2016;Mestrado;UFF;Federal;7;RJ;SE
2016_LuaiaSilvaRodrigues;Diss 1.1\Federais\UFF\Mestrado;180;191;RODRIGUES, Luaia;RIBEIRO, Gladys;2016;Mestrado;UFF;Federal;7;RJ;SE
2016_SilvanaAndradeSantos;Diss 1.1\Federais\UFF\Mestrado;128;131;SANTOS, Silvana;MATTOS, Hebe;2016;Mestrado;UFF;Federal;7;RJ;SE
2016_ThiagoAlvarenga;Diss 1.1\Federais\UFF\Mestrado;136;141;ALVARENGA, Thiago;SARAIVA, Luiz;2016;Mestrado;UFF;Federal;7;RJ;SE
2016_VanessaCunhaGoncalves;Diss 1.1\Federais\UFF\Mestrado;140;145;GONÇALVES, Vanessa;MATTOS, Hebe;2016;Mestrado;UFF;Federal;7;RJ;SE
2017_JuramaBergmannVieira;Diss 1.1\Federais\UFF\Mestrado;187;195;VIEIRA, Jurama;FREIRE, Jonis;2017;Mestrado;UFF;Federal;7;RJ;SE
2018_DermevalMarinsFreitas;Diss 1.1\Federais\UFF\Mestrado;163;181;FREITAS, Dermeval;FREIRE, Jonis;2018;Mestrado;UFF;Federal;7;RJ;SE
2018_LiviaCintraBerdu;Diss 1.1\Federais\UFF\Mestrado;146;150;BERDU, Livia;HONORATO, Cezar;2018;Mestrado;UFF;Federal;7;RJ;SE
2019_AmandaBastosSilva;Diss 1.1\Federais\UFF\Mestrado;159;167;SILVA, Amanda;MARQUES, Leonardo;2019;Mestrado;UFF;Federal;7;RJ;SE
2019_CarolinaToledoBraga;Diss 1.1\Federais\UFF\Mestrado;164;171;BRAGA, Carolina;MATTOS, Hebe;2019;Mestrado;UFF;Federal;7;RJ;SE
2019_JulianaSantosLima;Diss 1.1\Federais\UFF\Mestrado;197;210;LIMA, Juliana;FREIRE, Jonis;2019;Mestrado;UFF;Federal;7;RJ;SE
2019_ZoraZanuzo;Diss 1.1\Federais\UFF\Mestrado;97;98;ZANUZO, Zora;RIBEIRO, Gladys;2019;Mestrado;UFF;Federal;7;RJ;SE
2014_DeniseVieiraDemetrio;Diss 1.1\Federais\UFF\Doutorado;287;305;DEMETRIO, Denise;BICALHO, Maria;2014;Doutorado;UFF;Federal;7;RJ;SE
2014_PaulaChavesTeixeiraPinto;Diss 1.1\Federais\UFF\Doutorado;288;305;PINTO, Paula;FARIA, Sheila;2014;Doutorado;UFF;Federal;7;RJ;SE
2014_PedroPargaRodrigues;Diss 1.1\Federais\UFF\Doutorado;206;219;RODRIGUES, Pedro;MOTTA, Marcia;2014;Doutorado;UFF;Federal;7;RJ;SE
2015_CristianaCostaRocha;Diss 1.1\Federais\UFF\Doutorado;261;271;ROCHA, Cristiana;FERRERAS, Norberto;2015;Doutorado;UFF;Federal;7;RJ;SE
2015_IngridSilvaOliveira;Diss 1.1\Federais\UFF\Doutorado;262;273;OLIVEIRA, Ingrid;GEBARA, Alexsander;2015;Doutorado;UFF;Federal;7;RJ;SE
2015_SheldonAugustoSoaresCarvalho;Diss 1.1\Federais\UFF\Doutorado;413;428;CARVALHO, Sheldon;MATTOS, Hebe;2015;Doutorado;UFF;Federal;7;RJ;SE
2015_ThiagoCamposPessoa;Diss 1.1\Federais\UFF\Doutorado;432;454;PESSOA, Thiago;MATTOS, Hebe;2015;Doutorado;UFF;Federal;7;RJ;SE
2016_JoaoCarlosEscoteguyFilho;Diss 1.1\Federais\UFF\Doutorado;324;339;ESCOTEGUY FILHO, Joao;NEVES, Guilherme;2016;Doutorado;UFF;Federal;7;RJ;SE
2016_LiviaNascimentoMonteiro;Diss 1.1\Federais\UFF\Doutorado;240;252;MONTEIRO, Livia;ABREU, Martha;2016;Doutorado;UFF;Federal;7;RJ;SE
2017_FlaviaFernandesSouza;Diss 1.1\Federais\UFF\Doutorado;527;568;SOUZA, Flavia;MATTOS, Marcelo;2017;Doutorado;UFF;Federal;7;RJ;SE
2017_HevellyFerreiraAcruche;Diss 1.1\Federais\UFF\Doutorado;435;451;ACRUCHE, Hevelly;FERRERAS, Maria;2017;Doutorado;UFF;Federal;7;RJ;SE
2017_IgorGomesSantos;Diss 1.1\Federais\UFF\Doutorado;347;360;SANTOS, Igor;MATTOS, Marcelo;2017;Doutorado;UFF;Federal;7;RJ;SE
2017_RogerAnibalLambertSilva;Diss 1.1\Federais\UFF\Doutorado;263;277;SILVA, Roger;MACHADO, Humberto;2017;Doutorado;UFF;Federal;7;RJ;SE
2018_AlexandreRodriguesSouza;Diss 1.1\Federais\UFF\Doutorado;220;237;SOUZA, Alexandre;FIGUEIREDO, Luciano;2018;Doutorado;UFF;Federal;7;RJ;SE
2018_CamilaBarretoSantosAvelino;Diss 1.1\Federais\UFF\Doutorado;281;295;AVELINO, Camila;MATTOS, Hebe;2018;Doutorado;UFF;Federal;7;RJ;SE
2018_ManoelaSilvaPedroza;Diss 1.1\Federais\UFF\Doutorado;639;669;PEDROZA, Manoela;SECRETO, Maria;2018;Doutorado;UFF;Federal;7;RJ;SE
2019_FabioPereiraCarvalho;Diss 1.1\Federais\UFF\Doutorado;223;241;CARVALHO, Fabio;SECRETO, Maria;2019;Doutorado;UFF;Federal;7;RJ;SE
2019_LiviaLauroAntunes;Diss 1.1\Federais\UFF\Doutorado;316;331;ANTUNES, Livia;GUIMARÃES, Carlos;2019;Doutorado;UFF;Federal;7;RJ;SE
2019_RodrigoMarinsMarretto;Diss 1.1\Federais\UFF\Doutorado;466;483;MARRETTO, Rodrigo;GUIMARÃES, Carlos;2019;Doutorado;UFF;Federal;7;RJ;SE
2019_VitorHugoMonteiroFranco;Diss 1.1\Federais\UFF\Doutorado;219;228;FRANCO, Vitor;FREIRE, Jonis;2019;Doutorado;UFF;Federal;7;RJ;SE
2019_ElianeTaffarel;Diss 1.1\Federais\UFFS\Mestrado;206;210;TAFFAREL, Eliane;MORETTO, Samira;2019;Mestrado;UFFS;Federal;3;SC;S
2017_AughustusLuizSouzaBarbosa;Diss 1.1\Federais\UFG\Mestrado;146;151;BARBOSA, Aughustus;MORAES, Cristina;2017;Mestrado;UFG;Federal;5;GO;CO
2017_DiogoFragaCruz;Diss 1.1\Federais\UFG\Mestrado;148;152;CRUZ, Diogo;TEIXEIRA, Rafael;2017;Mestrado;UFG;Federal;5;GO;CO
2018_LuanaBeatrizSilveria;Diss 1.1\Federais\UFG\Mestrado;140;149;SILVERIA, Luana;TEIXEIRA, Rafael;2018;Mestrado;UFG;Federal;5;GO;CO
2017_JasonHugoPaula;Diss 1.1\Federais\UFG\Doutorado;420;442;PAULA, Jason;MORAES, Cristina;2017;Doutorado;UFG;Federal;5;GO;CO
2014_CassiaQueirozSilva;Diss 1.1\Federais\UFGD\Mestrado;127;135;SILVA, Cassia;BORGES, Maria;2014;Mestrado;UFGD;Federal;4;MS;CO
2017_LuizGabrielSouzaNogueira;Diss 1.1\Federais\UFGD\Mestrado;145;156;NOGUEIRA, Luiz;JESUS, Nauk;2017;Mestrado;UFGD;Federal;4;MS;CO
2017_RejaneTrindadeRodrigues;Diss 1.1\Federais\UFGD\Mestrado;96;100;RODRIGUES, Rejane;BORGES, Maria;2017;Mestrado;UFGD;Federal;4;MS;CO
2018_SantierreLuisKrewerSott;Diss 1.1\Federais\UFGD\Mestrado;107;114;SOTT, Santierre;CAVALVANTE, Thiago;2018;Mestrado;UFGD;Federal;4;MS;CO
2019_RafaelyZambiancoSoaresSousa;Diss 1.1\Federais\UFGD\Mestrado;123;133;SOUSA, Rafael;JESUS, Nauk;2019;Mestrado;UFGD;Federal;4;MS;CO
2016_AntuterpioDiasPereira;Diss 1.1\Federais\UFGD\Doutorado;158;168;PEREIRA, Antuerpio;JESUS, Nauk;2016;Doutorado;UFGD;Federal;4;MS;CO
2015_LilianeCampbellMendonca;Diss 1.1\Federais\UFJF\Mestrado;86;90;MENDONÇA, Liliane;BARBOSA, Silvana;2015;Mestrado;UFJF;Federal;5;MG;SE
2015_PedroHenriqueLeaoCoelho;Diss 1.1\Federais\UFJF\Mestrado;184;193;COELHO, Pedro;OLIVEIRA, Mônica;2015;Mestrado;UFJF;Federal;5;MG;SE
2016_AnaPaulaDutraBoscaro;Diss 1.1\Federais\UFJF\Mestrado;162;176;BOSCARO, Ana;OLIVEIRA, Mônica;2016;Mestrado;UFJF;Federal;5;MG;SE
2016_LeonardoNascimentoMenezes;Diss 1.1\Federais\UFJF\Mestrado;170;174;MENEZES, Leonardo;OLIVEIRA, Mônica;2016;Mestrado;UFJF;Federal;5;MG;SE
2016_PriscillaFirmianoValente;Diss 1.1\Federais\UFJF\Mestrado;114;117;VALENTE, Priscilla;OLIVEIRA, Mônica;2016;Mestrado;UFJF;Federal;5;MG;SE
2016_ThiagoFirminoSouza;Diss 1.1\Federais\UFJF\Mestrado;132;140;SOUZA, Thiago;OLIVEIRA, Mônica;2016;Mestrado;UFJF;Federal;5;MG;SE
2017_VanessaCerqueiraTeixeira;Diss 1.1\Federais\UFJF\Mestrado;201;220;TEIXEIRA, Vanessa;BORGES, Célia;2017;Mestrado;UFJF;Federal;5;MG;SE
2019_DayanaOliveiraSilva;Diss 1.1\Federais\UFJF\Mestrado;193;203;SILVA, Dayana;OLIVEIRA, Mônica;2019;Mestrado;UFJF;Federal;5;MG;SE
2019_KellySellani;Diss 1.1\Federais\UFJF\Mestrado;141;147;SELLANI, Kelly;COSTA, Ana;2019;Mestrado;UFJF;Federal;5;MG;SE
2015_LeonaraLacerdaDelfino;Diss 1.1\Federais\UFJF\Doutorado;497;526;DELFINO, Leonara;BORGES, Célia;2015;Doutorado;UFJF;Federal;5;MG;SE
2015_QuelenIngridLopes;Diss 1.1\Federais\UFJF\Doutorado;433;448;LOPES, Quelen;ALMEIDA, Carla;2015;Doutorado;UFJF;Federal;5;MG;SE
2016_BrunoNovelinoVittoretto;Diss 1.1\Federais\UFJF\Doutorado;218;232;VITTORETTO, Bruno;PIRES, Anderson;2016;Doutorado;UFJF;Federal;5;MG;SE
2017_FabianoGomesSilva;Diss 1.1\Federais\UFJF\Doutorado;324;341;SILVA, Fabiano;ALMEIDA, Carla;2017;Doutorado;UFJF;Federal;5;MG;SE
2019_DeboraCristinaAlves;Diss 1.1\Federais\UFJF\Doutorado;331;344;ALVES, Débora;ALMEIDA, Carla;2019;Doutorado;UFJF;Federal;5;MG;SE
2015_AdrianaMonteiroSantos;Diss 1.1\Federais\UFMA\Mestrado;135;143;SANTOS, Adriana;MOTA, Antônia;2015;Mestrado;UFMA;Federal;4;MA;N
2016_NilaMicheleBastosSantos;Diss 1.1\Federais\UFMA\Mestrado;150;163;SANTOS, Nila;BACCEGA, Marcus;2016;Mestrado;UFMA;Federal;4;MA;N
2017_AntoniaCastroAndrade;Diss 1.1\Federais\UFMA\Mestrado;118;132;ANDRADE, Antonia;FARIA, Regina;2017;Mestrado;UFMA;Federal;4;MA;N
2017_KalilKaba;Diss 1.1\Federais\UFMA\Mestrado;115;120;KABA, Kalil;PEREIRA, Josenildo;2017;Mestrado;UFMA;Federal;4;MA;N
2017_MarlzonniMarrelliMatosMauricio;Diss 1.1\Federais\UFMA\Mestrado;121;132;MAURICIO, Marlzonni;BACCEGA, Marcus;2017;Mestrado;UFMA;Federal;4;MA;N
2014_DouglasLima;Diss 1.1\Federais\UFMG\Mestrado;132;149;LIMA, Douglas;PAIVA, Eduardo;2014;Mestrado;UFMG;Federal;7;MG;SE
2018_LudmilaMachadoPereiraOliveiraTorres;Diss 1.1\Federais\UFMG\Mestrado;126;135;TORRES, Ludmila;CAMPOS, Adalgisa;2018;Mestrado;UFMG;Federal;7;MG;SE
2018_ThaisTanureOliveiraCosta;Diss 1.1\Federais\UFMG\Mestrado;239;256;COSTA, Thais;ROMEIRO, Adriana;2018;Mestrado;UFMG;Federal;7;MG;SE
2018_UlissesHenriqueTizoco;Diss 1.1\Federais\UFMG\Mestrado;228;236;TIZOCO, Ulisses;LIBBY, Douglas;2018;Mestrado;UFMG;Federal;7;MG;SE
2014_CarlosOliveiraMalaquias;Diss 1.1\Federais\UFMG\Doutorado;284;300;MALAQUIAS, Carlos;LIBBY, Douglas;2014;Doutorado;UFMG;Federal;7;MG;SE
2015_MarileideLazaraCassoli;Diss 1.1\Federais\UFMG\Doutorado;259;273;CASSOLI, Marileide;LIBBY, Douglas;2015;Doutorado;UFMG;Federal;7;MG;SE
2016_ElisgardeniaOliveiraChaves;Diss 1.1\Federais\UFMG\Doutorado;267;282;CHAVES, Elisgardenia;BOTELHO, Tarcísio;2016;Doutorado;UFMG;Federal;7;MG;SE
2017_CristianoLimaSilva;Diss 1.1\Federais\UFMG\Doutorado;205;222;SILVA, Cristiano;PAIVA, Eduardo;2017;Doutorado;UFMG;Federal;7;MG;SE
2017_JulianaSabinoSimonato;Diss 1.1\Federais\UFMG\Doutorado;310;332;SIMONATO, Juliana;PAIVA, Eduardo;2017;Doutorado;UFMG;Federal;7;MG;SE
2018_LeonamMaxneyCarvalho;Diss 1.1\Federais\UFMG\Doutorado;376;386;CARVALHO, Leonam;MENESES, José;2018;Doutorado;UFMG;Federal;7;MG;SE
2018_SirleiaMariaArantes;Diss 1.1\Federais\UFMG\Doutorado;338;359;ARANTES, Sirleia;BOTELHO, Tarcísio;2018;Doutorado;UFMG;Federal;7;MG;SE
2018_LuzineteSantosSilva;Diss 1.1\Federais\UFMT\Mestrado;225;235;SILVA, Luzinete;FRONZA, Marcelo;2018;Mestrado;UFMT;Federal;4;MT;CO
2018_RyltonMarcusAlvesSodre;Diss 1.1\Federais\UFMT\Mestrado;152;161;SODRÉ, Rylton;ZARBATO, Jaqueline;2018;Mestrado;UFMT;Federal;4;MT;CO
2015_BrunoPinheiroRodrigues;Diss 1.1\Federais\UFMT\Doutorado;357;373;RODRIGUES, Bruno;SENA, Ernesto;2015;Doutorado;UFMT;Federal;4;MT;CO
2017_SilvanioPauloBarcelos;Diss 1.1\Federais\UFMT\Doutorado;604;609;BARCELOS, Silvanio;BARROZO, João;2017;Doutorado;UFMT;Federal;4;MT;CO
2014_MarcelleDanielleCarvalhoBraga;Diss 1.1\Federais\UFOP\Mestrado;168;177;BRAGA, Marcelle;FERNANDES, Luiz;2014;Mestrado;UFOP;Federal;5;MG;SE
2015_LucileneMacedoCosta;Diss 1.1\Federais\UFOP\Mestrado;178;189;COSTA, Lucilene;GONÇALVES, Andréa;2015;Mestrado;UFOP;Federal;5;MG;SE
2015_TiagoPereiraLeal;Diss 1.1\Federais\UFOP\Mestrado;202;210;LEAL, Tiago;GONÇALVES, Andréa;2015;Mestrado;UFOP;Federal;5;MG;SE
2016_ElianeAparecidaDuarteBatista;Diss 1.1\Federais\UFOP\Mestrado;139;150;BATISTA, Eliane;CHAVES, Cláudia;2016;Mestrado;UFOP;Federal;5;MG;SE
2016_MatheusCarlettiXavier;Diss 1.1\Federais\UFOP\Mestrado;126;133;XAVIER, Matheus;REIS, Mateus;2016;Mestrado;UFOP;Federal;5;MG;SE
2017_AnaAlvarengaSouza;Diss 1.1\Federais\UFOP\Mestrado;164;173;SOUZA, Ana;ANDRADE, Francisco;2017;Mestrado;UFOP;Federal;5;MG;SE
2017_AnaCarolineCarvalhoMiranda;Diss 1.1\Federais\UFOP\Mestrado;139;148;MIRANDA, Ana;CHAVES, Cláudia;2017;Mestrado;UFOP;Federal;5;MG;SE
2017_HebertFariaSena;Diss 1.1\Federais\UFOP\Mestrado;101;103;SENA, Hebert;PEREIRA, Luisa;2017;Mestrado;UFOP;Federal;5;MG;SE
2019_LuizaOliveiraBotelho;Diss 1.1\Federais\UFOP\Mestrado;112;122;BOTELHO, Luiza;RANGEL, Marcelo;2019;Mestrado;UFOP;Federal;5;MG;SE
2017_JulianaJardimOliveiraOliveira;Diss 1.1\Federais\UFOP\Doutorado;228;247;OLIVEIRA, Juliana;CHAVES, Cláudia;2017;Doutorado;UFOP;Federal;5;MG;SE
2018_KellyEleuterioMachadoOliveira;Diss 1.1\Federais\UFOP\Doutorado;300;319;OLIVEIRA, Kelly;GONÇALVES, Andréa;2018;Doutorado;UFOP;Federal;5;MG;SE
2018_RogerioBarretoSantana;Diss 1.1\Federais\UFOP\Doutorado;210;235;SANTANA, Rogério;JOLY, Fábio;2018;Doutorado;UFOP;Federal;5;MG;SE
2014_AnaCarolinaTrindadeCravo;Diss 1.1\Federais\UFPA\Mestrado;141;147;CRAVO, Ana;BEZERRA NETO, José;2014;Mestrado;UFPA;Federal;5;PA;N
2015_JerusaBarrosMiranda;Diss 1.1\Federais\UFPA\Mestrado;121;128;MIRANDA, Jerusa;BEZERRA NETO, José;2015;Mestrado;UFPA;Federal;5;PA;N
2015_MarceloFerreiraLobo;Diss 1.1\Federais\UFPA\Mestrado;152;163;LOBO, Marcelo;BEZERRA NETO, José;2015;Mestrado;UFPA;Federal;5;PA;N
2017_AndreLuisBezerraFerreira;Diss 1.1\Federais\UFPA\Mestrado;194;205;FERREIRA, André;ARENZ, Karl;2017;Mestrado;UFPA;Federal;5;PA;N
2017_SoniaVianaNascimento;Diss 1.1\Federais\UFPA\Mestrado;104;111;NASCIMENTO, Sônia;BEZERRA NETO, José;2017;Mestrado;UFPA;Federal;5;PA;N
2018_FilipeSantosMerces;Diss 1.1\Federais\UFPA\Mestrado;151;157;MERCES, Filipe;VIEIRA JÚNIOR, Antônio;2018;Mestrado;UFPA;Federal;5;PA;N
2018_RozembergRibeiroAlmeida;Diss 1.1\Federais\UFPA\Mestrado;111;115;ALMEIDA, Rozemberg;NUNES, Francivaldo;2018;Mestrado;UFPA;Federal;5;PA;N
2014_ElsonLuizRochaMonteiro;Diss 1.1\Federais\UFPA\Doutorado;196;203;MONTEIRO, Elson;FARIAS, William;2014;Doutorado;UFPA;Federal;5;PA;N
2017_DyssonTelesAlves;Diss 1.1\Federais\UFPA\Doutorado;278;295;ALVES, Dysson;COELHO, Mauro;2017;Doutorado;UFPA;Federal;5;PA;N
2015_EduardoQueirozCavalcante;Diss 1.1\Federais\UFPB\Mestrado;166;175;CAVALCANTE, Eduardo;ROCHA, Solange;2015;Mestrado;UFPB;Federal;3;PB;NE
2015_HezromVieiraCostaLima;Diss 1.1\Federais\UFPB\Mestrado;170;178;LIMA, Hezrom;ROCHA, Solange;2015;Mestrado;UFPB;Federal;3;PB;NE
2015_MatheusSilveiraGuimaraes;Diss 1.1\Federais\UFPB\Mestrado;279;309;GUIMARÃES, Matheus;ROCHA, Solange;2015;Mestrado;UFPB;Federal;3;PB;NE
2015_SolangeMouzinhoAlves;Diss 1.1\Federais\UFPB\Mestrado;128;134;ALVES, Solange;ROCHA, Solange;2015;Mestrado;UFPB;Federal;3;PB;NE
2016_DaniloSantosSilva;Diss 1.1\Federais\UFPB\Mestrado;170;181;SILVA, Danilo;FLORES, Elio;2016;Mestrado;UFPB;Federal;3;PB;NE
2016_LucianSouzaSilva;Diss 1.1\Federais\UFPB\Mestrado;167;172;SILVA, Lucian;ROCHA, Solange;2016;Mestrado;UFPB;Federal;3;PB;NE
2017_DanielOliveira;Diss 1.1\Federais\UFPB\Mestrado;176;183;OLIVEIRA, Daniel;BUENO, João;2017;Mestrado;UFPB;Federal;3;PB;NE
2017_LarissaBaganoDourado;Diss 1.1\Federais\UFPB\Mestrado;142;147;DOURADO, Larissa;ROCHA, Solange;2017;Mestrado;UFPB;Federal;3;PB;NE
2017_RodrigoFerreiraSilva;Diss 1.1\Federais\UFPB\Mestrado;118;123;SILVA, Rodrigo;FLORES, Elio;2017;Mestrado;UFPB;Federal;3;PB;NE
2017_TatianyOliveiraSimas;Diss 1.1\Federais\UFPB\Mestrado;95;105;SIMAS, Tatiany;ROCHA, Solange;2017;Mestrado;UFPB;Federal;3;PB;NE
2018_AnicleideSousa;Diss 1.1\Federais\UFPB\Mestrado;147;154;SOUSA, Anicleide;ROCHA, Solange;2018;Mestrado;UFPB;Federal;3;PB;NE
2018_GeilzaSilvaSantos;Diss 1.1\Federais\UFPB\Mestrado;163;174;SANTOS, Geilza;FLORES, Elio;2018;Mestrado;UFPB;Federal;3;PB;NE
2019_JosilenePereiraPacheco;Diss 1.1\Federais\UFPB\Mestrado;133;143;PACHECO, Josilene;ROCHA, Solange;2019;Mestrado;UFPB;Federal;3;PB;NE
2014_GabrielNavarroBarros;Diss 1.1\Federais\UFPE\Mestrado;172;179;BARROS, Gabriel;GUILLEN, Isabel;2014;Mestrado;UFPE;Federal;4;PE;NE
2014_WandersonEdipoFranca;Diss 1.1\Federais\UFPE\Mestrado;147;153;FRANCA, Wanderson;HOFFNAGEL, Marc;2014;Mestrado;UFPE;Federal;4;PE;NE
2015_DeiseMariaAlbuquerqueLimaSaraiva;Diss 1.1\Federais\UFPE\Mestrado;116;127;SARAIVA, Deise;RIBEIRO, Emanuela;2015;Mestrado;UFPE;Federal;4;PE;NE
2015_HelderSilvaMelo;Diss 1.1\Federais\UFPE\Mestrado;138;149;MELO, Helder;ROSAS, Suzana;2015;Mestrado;UFPE;Federal;4;PE;NE
2016_AlineEmanuelleBiaseAlbuquerque;Diss 1.1\Federais\UFPE\Mestrado;126;132;ALBUQUERQUE, Aline;CARVALHO, Marcus;2016;Mestrado;UFPE;Federal;4;PE;NE
2016_AmandaBarlaventoGomes;Diss 1.1\Federais\UFPE\Mestrado;135;149;GOMES, Amanda;CARVALHO, Marcus;2016;Mestrado;UFPE;Federal;4;PE;NE
2017_DaviCostaAroucha;Diss 1.1\Federais\UFPE\Mestrado;262;273;AROUCHA, Davi;CHRISTILLINO, Cristiano;2017;Mestrado;UFPE;Federal;4;PE;NE
2017_JoseFelipeTeixeiraCarvalho;Diss 1.1\Federais\UFPE\Mestrado;103;108;CARVALHO, Jose;GUIMARÃES NETO, Regina;2017;Mestrado;UFPE;Federal;4;PE;NE
2018_JosinaldoSousaQueiroz;Diss 1.1\Federais\UFPE\Mestrado;118;129;QUEIROZ, Josinaldo;NASCIMENTO, Rômulo;2018;Mestrado;UFPE;Federal;4;PE;NE
2018_LeandroNevesDiniz;Diss 1.1\Federais\UFPE\Mestrado;128;131;DINIZ, Leandro;CHRISTILLINO, Cristiano;2018;Mestrado;UFPE;Federal;4;PE;NE
2019_ArthurDanilloCasteloBrancoSouza;Diss 1.1\Federais\UFPE\Mestrado;129;138;SOUZA, Arthur;CARVALHO, Marcus;2019;Mestrado;UFPE;Federal;4;PE;NE
2014_GianCarloMeloSilva;Diss 1.1\Federais\UFPE\Doutorado;228;238;SILVA, Gian;CARVALHO, Marcus;2014;Doutorado;UFPE;Federal;4;PE;NE
2015_IgorFonsecaOliveira;Diss 1.1\Federais\UFPE\Doutorado;252;262;OLIVEIRA, Igor;BRANDÃO, Tanya;2015;Doutorado;UFPE;Federal;4;PE;NE
2016_LuanaTeixeira;Diss 1.1\Federais\UFPE\Doutorado;278;303;TEIXEIRA, Luana;CARVALHO, Marcus;2016;Doutorado;UFPE;Federal;4;PE;NE
2016_MairtonCelestinoSilva;Diss 1.1\Federais\UFPE\Doutorado;286;308;SILVA, Mairton;CARVALHO, Marcus;2016;Doutorado;UFPE;Federal;4;PE;NE
2018_GladysonStelioBritoPereira;Diss 1.1\Federais\UFPE\Doutorado;167;171;PEREIRA, Gladyson;LIMA, Maria;2018;Doutorado;UFPE;Federal;4;PE;NE
2019_AndreCarlosSantos;Diss 1.1\Federais\UFPE\Doutorado;197;207;SANTOS, Andre;ROSAS, Suzana;2019;Doutorado;UFPE;Federal;4;PE;NE
2014_GezaLisianeCarusGuedes;Diss 1.1\Federais\UFPEL\Mestrado;147;156;GUEDES, Geza;LOPES, Aristeu;2014;Mestrado;UFPEL;Federal;4;RS;S
2017_ViniciusCardosoNunes;Diss 1.1\Federais\UFPEL\Mestrado;149;156;NUNES, Vinicius;LOPES, Aristeu;2017;Mestrado;UFPEL;Federal;4;RS;S
2018_TiagoRosaSilva;Diss 1.1\Federais\UFPEL\Mestrado;171;180;SILVA, Tiago;GILL, Lorena;2018;Mestrado;UFPEL;Federal;4;RS;S
2014_LaraTalineSantos;Diss 1.1\Federais\UFPR\Mestrado;255;259;SANTOS, Lara;HAMEISTER, Martha;2014;Mestrado;UFPR;Federal;5;PR;S
2017_AnaCarolinaGesser;Diss 1.1\Federais\UFPR\Mestrado;239;245;GESSER, Ana;MENDONÇA, Joseli;2017;Mestrado;UFPR;Federal;5;PR;S
2019_FrancielleSouza;Diss 1.1\Federais\UFPR\Mestrado;117;122;SOUZA, Francielle;HAMEISTER, Martha;2019;Mestrado;UFPR;Federal;5;PR;S
2016_RachelSantosMarques;Diss 1.1\Federais\UFPR\Doutorado;248;256;MARQUES, Rachel;HAMEISTER, Martha;2016;Doutorado;UFPR;Federal;5;PR;S
2019_FranciellyGiachiniBarbosaMenim;Diss 1.1\Federais\UFPR\Doutorado;248;267;MENIM, Francielly;SILVA, Luiz;2019;Doutorado;UFPR;Federal;5;PR;S
2014_GislaineBorbaRamos;Diss 1.1\Federais\UFRGS\Mestrado;183;190;RAMOS, Gislaine;XAVIER, Regina;2014;Mestrado;UFRGS;Federal;6;RS;S
2014_JaquelineHasanBrizola;Diss 1.1\Federais\UFRGS\Mestrado;149;162;BRIZOLA, Jaqueline;Kühn, Fábio;2014;Mestrado;UFRGS;Federal;6;RS;S
2015_GustavoSilvaGularte;Diss 1.1\Federais\UFRGS\Mestrado;126;132;GULARTE, Gustavo;OSÓRIO, Helen;2015;Mestrado;UFRGS;Federal;6;RS;S
2015_RafaelAntunesCanto;Diss 1.1\Federais\UFRGS\Mestrado;125;133;CANTO, Rafael;MACEDO, José;2015;Mestrado;UFRGS;Federal;6;RS;S
2016_BrunaEmerimKrob;Diss 1.1\Federais\UFRGS\Mestrado;254;266;KROB, Bruna;XAVIER, Regina;2016;Mestrado;UFRGS;Federal;6;RS;S
2016_IsadoraTalitaLunardiDiehl;Diss 1.1\Federais\UFRGS\Mestrado;192;208;DIEHL, Isadora;OSÓRIO, Helen;2016;Mestrado;UFRGS;Federal;6;RS;S
2017_GabrielFleckAbreu;Diss 1.1\Federais\UFRGS\Mestrado;164;173;ABREU, Gabriel;NICOLAZZI, Fernando;2017;Mestrado;UFRGS;Federal;6;RS;S
2017_RafaelFilterSantosSilva;Diss 1.1\Federais\UFRGS\Mestrado;147;155;SILVA, Rafael;ÁVILA, Arthur;2017;Mestrado;UFRGS;Federal;6;RS;S
2018_AmandaCiarloRamos;Diss 1.1\Federais\UFRGS\Mestrado;224;233;RAMOS, Amanda;OSÓRIO, Helen;2018;Mestrado;UFRGS;Federal;6;RS;S
2018_FranklinFernandesPinto;Diss 1.1\Federais\UFRGS\Mestrado;129;137;PINTO, Franklin;OSÓRIO, Helen;2018;Mestrado;UFRGS;Federal;6;RS;S
2018_GabrielliDebortoli;Diss 1.1\Federais\UFRGS\Mestrado;100;103;DEBORTOLI, Gabrielli;MACEDO, José;2018;Mestrado;UFRGS;Federal;6;RS;S
2018_StefaniHollmann;Diss 1.1\Federais\UFRGS\Mestrado;129;139;HOLLMANN, Stefani;Kühn, Fábio;2018;Mestrado;UFRGS;Federal;6;RS;S
2018_ThamiresSilvaSilva;Diss 1.1\Federais\UFRGS\Mestrado;107;113;SILVA, Thamires;Kühn, Fábio;2018;Mestrado;UFRGS;Federal;6;RS;S
2019_AlanaThaisBasso;Diss 1.1\Federais\UFRGS\Mestrado;166;175;BASSO, Alana;Kühn, Fábio;2019;Mestrado;UFRGS;Federal;6;RS;S
2014_RogerCostaSilva;Diss 1.1\Federais\UFRGS\Doutorado;209;219;SILVA, Roger;XAVIER, Regina;2014;Doutorado;UFRGS;Federal;6;RS;S
2015_CarlaMenegat;Diss 1.1\Federais\UFRGS\Doutorado;316;336;MENEGAT, Carla;GUAZZELLI, Cesar;2015;Doutorado;UFRGS;Federal;6;RS;S
2016_RafaelPeterLima;Diss 1.1\Federais\UFRGS\Doutorado;249;260;LIMA, Rafael;SOUZA, Susana;2016;Doutorado;UFRGS;Federal;6;RS;S
2017_DenizeTerezinhaLealFreitas;Diss 1.1\Federais\UFRGS\Doutorado;347;375;FREITAS, Denize;Kühn, Fábio;2017;Doutorado;UFRGS;Federal;6;RS;S
2018_ClaudiaDaianeGarciaMolet;Diss 1.1\Federais\UFRGS\Doutorado;286;297;MOLET, Claudia;WEBER, Regina;2018;Doutorado;UFRGS;Federal;6;RS;S
2018_DanielOliveira;Diss 1.1\Federais\UFRGS\Doutorado;331;367;OLIVEIRA, Daniel;XAVIER, Regina;2018;Doutorado;UFRGS;Federal;6;RS;S
2018_LucianoCostaGomes;Diss 1.1\Federais\UFRGS\Doutorado;316;332;GOMES, Luciano;OSÓRIO, Helen;2018;Doutorado;UFRGS;Federal;6;RS;S
2018_MariaCarmoMoreiraAguilar;Diss 1.1\Federais\UFRGS\Doutorado;291;310;AGUILAR, Maria;XAVIER, Regina;2018;Doutorado;UFRGS;Federal;6;RS;S
2018_NataliaGarciaPinto;Diss 1.1\Federais\UFRGS\Doutorado;231;253;PINTO, Natalia;Kühn, Fábio;2018;Doutorado;UFRGS;Federal;6;RS;S
2014_FelipeAguiarDamasceno;Diss 1.1\Federais\UFRJ\HistComparada\Mestrado;223;236;DAMASCENO, Felipe;GOMES, Flávio;2014;Mestrado;UFRJComp;Federal;4;RJ;SE
2014_LiviaLauroAntunes;Diss 1.1\Federais\UFRJ\HistComparada\Mestrado;173;179;ANTUNES, Livia;GOMES, Flávio;2014;Mestrado;UFRJComp;Federal;4;RJ;SE
2018_LuizCarlosAmaralGomes;Diss 1.1\Federais\UFRJ\HistComparada\Mestrado;141;147;GOMES, Luiz;CHEVITARESE, André;2018;Mestrado;UFRJComp;Federal;4;RJ;SE
2016_ManuelaAreiasCosta;Diss 1.1\Federais\UFRJ\HistComparada\Doutorado;226;251;COSTA, Manuela;GOMES, Flávio;2016;Doutorado;UFRJComp;Federal;4;RJ;SE
2017_GustavoPintoSouza;Diss 1.1\Federais\UFRJ\HistComparada\Doutorado;237;247;SOUZA, Gustavo;COSER, Ivo;2017;Doutorado;UFRJComp;Federal;4;RJ;SE
2019_JoaoCarlosNaraJunior;Diss 1.1\Federais\UFRJ\HistComparada\Doutorado;262;285;NARA JÚNIOR, João;GOMES, Flávio;2019;Doutorado;UFRJComp;Federal;4;RJ;SE
2015_JulioCesarSouzaDoria;Diss 1.1\Federais\UFRJ\HistSocial\Mestrado;115;132;DÓRIA, Júlio;CASTRO, Fernando;2015;Mestrado;UFRJSoc;Federal;6;RJ;SE
2015_TalitaTeixeiraSantos;Diss 1.1\Federais\UFRJ\HistSocial\Mestrado;119;125;SANTOS, Talita;CASTRO, Fernando;2015;Mestrado;UFRJSoc;Federal;6;RJ;SE
2016_PedroBrandaoSousaCulmantRamos;Diss 1.1\Federais\UFRJ\HistSocial\Mestrado;120;125;RAMOS, Pedro;SOUZA, Mônica;2016;Mestrado;UFRJSoc;Federal;6;RJ;SE
2018_JeronimoAguiarDuarteCruz;Diss 1.1\Federais\UFRJ\HistSocial\Mestrado;159;170;CRUZ, Jerônimo;FRAGOSO, João;2018;Mestrado;UFRJSoc;Federal;6;RJ;SE
2018_KarennSantosCorrea;Diss 1.1\Federais\UFRJ\HistSocial\Mestrado;107;113;CORREA, Karenn;MOTA, Maria;2018;Mestrado;UFRJSoc;Federal;6;RJ;SE
2018_MareanaBarbosaGoncalvesMathiasSilva;Diss 1.1\Federais\UFRJ\HistSocial\Mestrado;127;137;SILVA, Mareana;FRAGOSO, João;2018;Mestrado;UFRJSoc;Federal;6;RJ;SE
2018_PhilippeMoreira;Diss 1.1\Federais\UFRJ\HistSocial\Mestrado;122;130;MOREIRA, Philippe;SAMPAIO, Antônio;2018;Mestrado;UFRJSoc;Federal;6;RJ;SE
2019_GeisimaraSoaresMatos;Diss 1.1\Federais\UFRJ\HistSocial\Mestrado;114;117;MATOS, Geisimara;BARROS, Mônica;2019;Mestrado;UFRJSoc;Federal;6;RJ;SE
2019_RicardoAugustoPereira;Diss 1.1\Federais\UFRJ\HistSocial\Mestrado;167;176;PEREIRA, Ricardo;FERREIRA, Marieta;2019;Mestrado;UFRJSoc;Federal;6;RJ;SE
2015_RicardoMunizRuiz;Diss 1.1\Federais\UFRJ\HistSocial\Doutorado;178;187;RUIZ, Ricardo;MACHADO, Cacilda;2015;Doutorado;UFRJSoc;Federal;6;RJ;SE
2015_SimoneCristinaFaria;Diss 1.1\Federais\UFRJ\HistSocial\Doutorado;490;500;FARIA, Simone;SAMPAIO, Antônio;2015;Doutorado;UFRJSoc;Federal;6;RJ;SE
2016_MarceloSantosMatheus;Diss 1.1\Federais\UFRJ\HistSocial\Doutorado;398;422;MATHEUS, Marcelo;FRAGOSO, João;2016;Doutorado;UFRJSoc;Federal;6;RJ;SE
2016_SilvanaAlvesGodoy;Diss 1.1\Federais\UFRJ\HistSocial\Doutorado;480;499;GODOY, Silvana;FRAGOSO, João;2016;Doutorado;UFRJSoc;Federal;6;RJ;SE
2017_FelipeAguiarDamasceno;Diss 1.1\Federais\UFRJ\HistSocial\Doutorado;283;293;DAMASCENO, Felipe;PEDROZA, Manoela;2017;Doutorado;UFRJSoc;Federal;6;RJ;SE
2017_VanessaGomesRamosSanches;Diss 1.1\Federais\UFRJ\HistSocial\Doutorado;258;263;SANCHES, Vanessa;FLORENTINO, Manolo;2017;Doutorado;UFRJSoc;Federal;6;RJ;SE
2018_AnaPaulaCabralTostes;Diss 1.1\Federais\UFRJ\HistSocial\Doutorado;271;279;TOSTES, Ana;FRAGOSO, João;2018;Doutorado;UFRJSoc;Federal;6;RJ;SE
2018_HelidaSantosConceicao;Diss 1.1\Federais\UFRJ\HistSocial\Doutorado;408;422;CONCEICÃO, Helida;SAMPAIO, Antônio;2018;Doutorado;UFRJSoc;Federal;6;RJ;SE
2014_ArianeMedeirosPereira;Diss 1.1\Federais\UFRN\Mestrado;149;157;PEREIRA, Ariane;MACÊDO, Muirakytan;2014;Mestrado;UFRN;Federal;4;RN;NE
2014_PauloAlexandreSicatoChitunda;Diss 1.1\Federais\UFRN\Mestrado;188;195;CHITUNDA, Paulo;LOPES, Fátima;2014;Mestrado;UFRN;Federal;4;RN;NE
2014_ThyagoRuzembergGonzagaDeSouza;Diss 1.1\Federais\UFRN\Mestrado;236;247;SOUZA, Thyago;PEIXOTO, Renato;2014;Mestrado;UFRN;Federal;4;RN;NE
2015_RenataAssuncaoDaCosta;Diss 1.1\Federais\UFRN\Mestrado;173;179;COSTA, Renata;ALVEAL, Carmen;2015;Mestrado;UFRN;Federal;4;RN;NE
2017_RenataConceicaoNobregaSantos;Diss 1.1\Federais\UFRPE\Mestrado;202;207;SANTOS, Renata;BORBA, Vicentina;2017;Mestrado;UFRPE;Federal;4;PE;NE
2018_ElisianeAraujoCordeiro;Diss 1.1\Federais\UFRPE\Mestrado;102;104;CORDEIRO, Elisiane;SILVA, Wellington;2018;Mestrado;UFRPE;Federal;4;PE;NE
2014_ArianeCarvalhoCruz;Diss 1.1\Federais\UFRRJ\Mestrado;170;177;CRUZ, Ariane;FERREIRA, Roberto;2014;Mestrado;UFRRJ;Federal;5;RJ;SE
2014_MarceloInacioOliveiraAlves;Diss 1.1\Federais\UFRRJ\Mestrado;134;139;ALVES, Marcelo;FERREIRA, Roberto;2014;Mestrado;UFRRJ;Federal;5;RJ;SE
2015_AntonioHertesGomesSantana;Diss 1.1\Federais\UFRRJ\Mestrado;92;96;SANTANA, Antônio;POPINIGIS, Fabiane;2015;Mestrado;UFRRJ;Federal;5;RJ;SE
2015_CarlosHenriqueAntunesSilva;Diss 1.1\Federais\UFRRJ\Mestrado;213;216;SILVA, Carlos;BASILE, Marcello;2015;Mestrado;UFRRJ;Federal;5;RJ;SE
2015_DanielaCarvalhoCavalheiro;Diss 1.1\Federais\UFRRJ\Mestrado;170;177;CAVALHEIRO, Daniela;POPINIGIS, Fabiane;2015;Mestrado;UFRRJ;Federal;5;RJ;SE
2015_FredericoAntonioFerreira;Diss 1.1\Federais\UFRRJ\Mestrado;245;263;FERREIRA, Frederico;CALDAS, Marcos;2015;Mestrado;UFRRJ;Federal;5;RJ;SE
2015_MaxFabianoRodriguesOliveira;Diss 1.1\Federais\UFRRJ\Mestrado;116;119;OLIVEIRA, Max;NASCIMENTO, Álvaro;2015;Mestrado;UFRRJ;Federal;5;RJ;SE
2015_MoisesPeixotoSoares;Diss 1.1\Federais\UFRRJ\Mestrado;172;183;SOARES, Moisés;FERREIRA, Roberto;2015;Mestrado;UFRRJ;Federal;5;RJ;SE
2015_RobertaSouzaCampos;Diss 1.1\Federais\UFRRJ\Mestrado;174;183;CAMPOS, Roberta;MOREIRA, Vânia;2015;Mestrado;UFRRJ;Federal;5;RJ;SE
2017_MarceloRodriguesOliveira;Diss 1.1\Federais\UFRRJ\Mestrado;154;159;OLIVEIRA, Marcelo;FERREIRA, Roberto;2017;Mestrado;UFRRJ;Federal;5;RJ;SE
2018_JoyceCristinaMachadoFigueiredo;Diss 1.1\Federais\UFRRJ\Mestrado;74;78;FIGUEIREDO, Joyce;POPINIGIS, Fabiane;2018;Mestrado;UFRRJ;Federal;5;RJ;SE
2018_LeidianeCastroGoncalves;Diss 1.1\Federais\UFRRJ\Mestrado;88;92;GONÇALVES, Leidiane;SOUZA, Adriana;2018;Mestrado;UFRRJ;Federal;5;RJ;SE
2019_FelipeTitoCesarNeto;Diss 1.1\Federais\UFRRJ\Mestrado;213;220;CESAR NETO, Felipe;MATHIAS, Carlos;2019;Mestrado;UFRRJ;Federal;5;RJ;SE
2019_KatiaLucieneOliveiraSilvaSantana;Diss 1.1\Federais\UFRRJ\Mestrado;185;193;SANTANA, Kátia;BASILE, Marcello;2019;Mestrado;UFRRJ;Federal;5;RJ;SE
2018_FredericoAntonioFerreira;Diss 1.1\Federais\UFRRJ\Doutorado;446;476;FERREIRA, Frederico;CALDAS, Marcos;2018;Doutorado;UFRRJ;Federal;5;RJ;SE
2018_JulianoTiagoVianaPaula;Diss 1.1\Federais\UFRRJ\Doutorado;306;321;PAULA, Juliano;MARTINS, Mônica;2018;Doutorado;UFRRJ;Federal;5;RJ;SE
2014_DiegoNonesBissigo;Diss 1.1\Federais\UFSC\Mestrado;193;197;BISSIGO, Diego;MAMIGONIAN, Beatriz;2014;Mestrado;UFSC;Federal;4;SC;S
2014_FernandoBartholomayFilho;Diss 1.1\Federais\UFSC\Mestrado;135;145;BARTHOLOMAY FILHO, Fernando;MAMIGONIAN, Beatriz;2014;Mestrado;UFSC;Federal;4;SC;S
2015_JaimeJoseSantosSilva;Diss 1.1\Federais\UFSC\Mestrado;183;197;SILVA, Jaime;MAMIGONIAN, Beatriz;2015;Mestrado;UFSC;Federal;4;SC;S
2016_ArianaMoreiraEspindola;Diss 1.1\Federais\UFSC\Mestrado;219;227;ESPÍNDOLA, Ariana;MAMIGONIAN, Beatriz;2016;Mestrado;UFSC;Federal;4;SC;S
2017_MaysaEspindolaSouza;Diss 1.1\Federais\UFSC\Mestrado;168;176;SOUZA, Maysa;LIMA FILHO, Henrique;2017;Mestrado;UFSC;Federal;4;SC;S
2018_RicardoOliveira;Diss 1.1\Federais\UFSC\Mestrado;190;203;OLIVEIRA, Ricardo;MACHADO, Juliana;2018;Mestrado;UFSC;Federal;4;SC;S
2014_GuilhermeAugustoNascimentoSilva;Diss 1.1\Federais\UFSJ\Mestrado;176;182;SILVA, Guilherme;GRAÇA FILHO, Afonso;2014;Mestrado;UFSJ;Federal;3;MG;SE
2014_RoseliSantos;Diss 1.1\Federais\UFSJ\Mestrado;211;218;SANTOS, Roseli;GRAÇA FILHO, Afonso;2014;Mestrado;UFSJ;Federal;3;MG;SE
2016_FelipeAugustoLopesMoreira;Diss 1.1\Federais\UFSJ\Mestrado;135;139;MOREIRA, Felipe;PALHA, Cássia;2016;Mestrado;UFSJ;Federal;3;MG;SE
2016_JoaoAntonioDamascenoMoreira;Diss 1.1\Federais\UFSJ\Mestrado;153;159;MOREIRA, João;RESENDE, Maria;2016;Mestrado;UFSJ;Federal;3;MG;SE
2016_WesleySouzaCosta;Diss 1.1\Federais\UFSJ\Mestrado;183;188;COSTA, Wesley;ANDRADE, Marcos;2016;Mestrado;UFSJ;Federal;3;MG;SE
2017_FilipeMoreiraAlvesLima;Diss 1.1\Federais\UFSJ\Mestrado;140;145;LIMA, Filipe;GRAÇA FILHO, Afonso;2017;Mestrado;UFSJ;Federal;3;MG;SE
2017_LiviaLimaRezende;Diss 1.1\Federais\UFSJ\Mestrado;165;180;REZENDE, Livia;BRÜGGER, Sílvia;2017;Mestrado;UFSJ;Federal;3;MG;SE
2018_FelipeVieiraBatistaSilva;Diss 1.1\Federais\UFSJ\Mestrado;103;110;SILVA, Felipe;SILVA, Wlamir;2018;Mestrado;UFSJ;Federal;3;MG;SE
2018_JulianoMeloGregorio;Diss 1.1\Federais\UFSJ\Mestrado;177;182;GREGÓRIO, Juliano;GRAÇA FILHO, Afonso;2018;Mestrado;UFSJ;Federal;3;MG;SE
2018_TeresaRaquelCoimbraMagalhaes;Diss 1.1\Federais\UFSJ\Mestrado;185;194;MAGALHÃES, Teresa;BRÜGGER, Sílvia;2018;Mestrado;UFSJ;Federal;3;MG;SE
2018_VivianeTamirisPereira;Diss 1.1\Federais\UFSJ\Mestrado;167;173;PEREIRA, Viviane;GRAÇA FILHO, Afonso;2018;Mestrado;UFSJ;Federal;3;MG;SE
2019_CleudizaFernandesSouza;Diss 1.1\Federais\UFSJ\Mestrado;172;179;SOUZA, Cleudiza;BRÜGGER, Sílvia;2019;Mestrado;UFSJ;Federal;3;MG;SE
2019_FernandoJoseLopes;Diss 1.1\Federais\UFSJ\Mestrado;179;186;LOPES, Fernando;RESENDE, Maria;2019;Mestrado;UFSJ;Federal;3;MG;SE
2017_FrancieleRochaOliveira;Diss 1.1\Federais\UFSM\Mestrado;363;377;OLIVEIRA, Franciele;KONRAD, Diorge;2017;Mestrado;UFSM;Federal;4;RS;S
2017_IraneideSoaresSilva;Diss 1.1\Federais\UFU\Doutorado;187;202;SILVA, Iraneide;CALVO, Célia;2017;Doutorado;UFU;Federal;3;MG;SE
2019_MuriloBorgesSilva;Diss 1.1\Federais\UFU\Doutorado;240;252;SILVA, Murilo;PUGA, Vera;2019;Doutorado;UFU;Federal;3;MG;SE
2017_MairaGuimaraesDuartePorto;Diss 1.1\Federais\UNB\Mestrado;111;113;PORTO, Maíra;BALABAN, Marcelo;2017;Mestrado;UNB;Federal;4;DF;CO
2018_CarlosAntonioPereiradeCarvalho;Diss 1.1\Federais\UNB\Mestrado;97;99;CARVALHO, Carlos;GIL, Tiago;2018;Mestrado;UNB;Federal;4;DF;CO
2014_KellyCristinaBenjamimViana;Diss 1.1\Federais\UNB\Doutorado;274;284;VIANA, Kelly;MUNIZ, Diva;2014;Doutorado;UNB;Federal;4;DF;CO
2015_FabianaFranciscaMacena;Diss 1.1\Federais\UNB\Doutorado;280;295;MACENA, Fabiana;MUNIZ, Diva;2015;Doutorado;UNB;Federal;4;DF;CO
2014_AndreiaKellyMarques;Diss 1.1\Federais\UNIFESP\Mestrado;117;121;MARQUES, Andreia;RODRIGUES, Jaime;2014;Mestrado;UNIFESP;Federal;3;SP;SE
2015_MoisesStahl;Diss 1.1\Federais\UNIFESP\Mestrado;195;205;STAHL, Moises;COSTA, Wilma;2015;Mestrado;UNIFESP;Federal;3;SP;SE
2015_RafaelJoseBarbi;Diss 1.1\Federais\UNIFESP\Mestrado;115;120;BARBI, Rafael;RODRIGUES, Jaime;2015;Mestrado;UNIFESP;Federal;3;SP;SE
2016_AlineVitorRibeiro;Diss 1.1\Federais\UNIFESP\Mestrado;127;136;RIBEIRO, Aline;VILLARDAGA, Setlla;2016;Mestrado;UNIFESP;Federal;3;SP;SE
2016_PauloRodriguesAndrade;Diss 1.1\Federais\UNIFESP\Mestrado;240;248;ANDRADE, Paulo;COSTA, Wilma;2016;Mestrado;UNIFESP;Federal;3;SP;SE
2016_RafaelDomingosOliveiraSilva;Diss 1.1\Federais\UNIFESP\Mestrado;138;148;SILVA, Rafael;RODRIGUES, Jaime;2016;Mestrado;UNIFESP;Federal;3;SP;SE
2019_DanielleYumiSuguiama;Diss 1.1\Federais\UNIFESP\Mestrado;163;169;SUGUIAMA, Danielle;RODRIGUES, Jaime;2019;Mestrado;UNIFESP;Federal;3;SP;SE
2019_FabioDantasRocha;Diss 1.1\Federais\UNIFESP\Mestrado;272;286;ROCHA, Fábio;RODRIGUES, Jaime;2019;Mestrado;UNIFESP;Federal;3;SP;SE
2014_IngridFerreiraSouza;Diss 1.1\Federais\UNIRIO\Mestrado;144;149;SOUZA, Ingrid;OLIVEIRA, Anderson;2014;Mestrado;UNIRIO;Federal;5;RJ;SE
2014_MilraNascimentoBravo;Diss 1.1\Federais\UNIRIO\Mestrado;180;193;BRAVO, Milra;RODRIGUES, Claudia;2014;Mestrado;UNIRIO;Federal;5;RJ;SE
2014_PatriciaUrruzola;Diss 1.1\Federais\UNIRIO\Mestrado;150;159;URRUZOLA, Patrícia;SANTOS, Cláudia;2014;Mestrado;UNIRIO;Federal;5;RJ;SE
2014_RaianeOliveira;Diss 1.1\Federais\UNIRIO\Mestrado;109;111;OLIVEIRA, Raiane;MUAZE, Mariana;2014;Mestrado;UNIRIO;Federal;5;RJ;SE
2016_DeniseMoraesGouveiaSilva;Diss 1.1\Federais\UNIRIO\Mestrado;103;105;SILVA, Denise;GRINBERG, Keila;2016;Mestrado;UNIRIO;Federal;5;RJ;SE
2016_JoaoPauloBarbosa;Diss 1.1\Federais\UNIRIO\Mestrado;195;210;BARBOSA, João;GRINBERG, Keila;2016;Mestrado;UNIRIO;Federal;5;RJ;SE
2017_AlineMendesSoares;Diss 1.1\Federais\UNIRIO\Mestrado;175;187;SOARES, Aline;SANTOS, Cláudia;2017;Mestrado;UNIRIO;Federal;5;RJ;SE
2017_JulianaSilvaDrumond;Diss 1.1\Federais\UNIRIO\Mestrado;94;98;DRUMOND, Juliana;SANTOS, Cláudia;2017;Mestrado;UNIRIO;Federal;5;RJ;SE
2017_MicheleHelenaPeixotoSilva;Diss 1.1\Federais\UNIRIO\Mestrado;177;187;SILVA, Michele;RODRIGUES, Claudia;2017;Mestrado;UNIRIO;Federal;5;RJ;SE
2017_NataliaAlmeidaOliveira;Diss 1.1\Federais\UNIRIO\Mestrado;169;191;OLIVEIRA, Natália;OLIVEIRA, Anderson;2017;Mestrado;UNIRIO;Federal;5;RJ;SE
2017_OliviaDulceLobo;Diss 1.1\Federais\UNIRIO\Mestrado;138;144;LOBO, Olivia;MUAZE, Mariana;2017;Mestrado;UNIRIO;Federal;5;RJ;SE
2018_CarlosJarenkow;Diss 1.1\Federais\UNIRIO\Mestrado;126;131;JARENKOW, Carlos;GRINBERG, Keila;2018;Mestrado;UNIRIO;Federal;5;RJ;SE
2017_MichelDalColCosta;Diss 1.1\Federais\UNIRIO\Doutorado;371;388;COSTA, Michel;GRINBERG, Keila;2017;Doutorado;UNIRIO;Federal;5;RJ;SE
2017_MairaPiresAndrade;Diss 1.1\Estaduais\UDESC\Mestrado;162;170;ANDRADE, Mariana;SILVA, Cristiani;2017;Mestrado;UDESC;Estadual;5;SC;S
2015_TadeuBaliza;Diss 1.1\Estaduais\UEFS\Mestrado;139;143;BALIZA, Tadeu;AZEVEDO, Elciene;2015;Mestrado;UEFS;Estadual;3;BA;NE
2017_KeilaneSantana;Diss 1.1\Estaduais\UEFS\Mestrado;100;105;SANTANA, Keilane;BARBOSA, Andréa;2017;Mestrado;UEFS;Estadual;3;BA;NE
2018_LaianeSilva;Diss 1.1\Estaduais\UEFS\Mestrado;157;163;SILVA, Laiane;LEITE, Rinaldo;2018;Mestrado;UEFS;Estadual;3;BA;NE
2014_BethaniaCristinaGaffo;Diss 1.1\Estaduais\UEL\Mestrado;96;98;GAFFO, Bethânia;IVANO, Rogério;2014;Mestrado;UEL;Estadual;3;PR;S
2018_FabianoRibeiro;Diss 1.1\Estaduais\UEL\Mestrado;98;101;RIBEIRO, Fabiano;FERRAZ, Francisco;2018;Mestrado;UEL;Estadual;3;PR;S
2015_CarlosEduardoRodrigues;Diss 1.1\Estaduais\UEM\mestrado;182;187;RODRIGUES, Carlos;MOREIRA, Luiz;2015;Mestrado;UEM;Estadual;4;PR;S
2015_FilipeSantosVieira;Diss 1.1\Estaduais\UEM\mestrado;157;164;VIEIRA, Filipe;PEREIRA, Lupércio;2015;Mestrado;UEM;Estadual;4;PR;S
2016_RubiaJanz;Diss 1.1\Estaduais\UEPG\mestrado;202;212;JANZ, Rúbia;CERRI, Luis;2016;Mestrado;UEPG;Estadual;3;PR;S
2017_PriscilaCozer;Diss 1.1\Estaduais\UEPG\mestrado;81;85;COZER, Priscila;SOUZA, Silvia;2017;Mestrado;UEPG;Estadual;3;PR;S
2014_MarianadeOliveiraSousa;Diss 1.1\Estaduais\UERJ\Historia\Mestrado;146;151;SOUSA, Mariana;PRADO, Maria;2014;Mestrado;UERJHist;Estadual;5;RJ;SE
2014_MellinaCurty;Diss 1.1\Estaduais\UERJ\Historia\Mestrado;163;168;CURTY, Mellina;PRADO, Maria;2014;Mestrado;UERJHist;Estadual;5;RJ;SE
2014_WelintonSerafimSilva;Diss 1.1\Estaduais\UERJ\Historia\Mestrado;134;139;SILVA, Welinton;GONÇALVES, Márcia;2014;Mestrado;UERJHist;Estadual;5;RJ;SE
2015_AnaPauladeOliveiraCarvalho;Diss 1.1\Estaduais\UERJ\Historia\Mestrado;108;113;CARVALHO, Ana;SANTOS, Edna;2015;Mestrado;UERJHist;Estadual;5;RJ;SE
2015_Lanna CamilaOliveiradosSantos;Diss 1.1\Estaduais\UERJ\Historia\Mestrado;87;89;SANTOS, Lanna;SILVA, Marilene;2015;Mestrado;UERJHist;Estadual;5;RJ;SE
2015_BeatrizPivaMomesso;Diss 1.1\Estaduais\UERJ\Historia\Doutorado;316;333;MOMESSO, Beatriz;FERREIRA, Tânia;2015;Doutorado;UERJHist;Estadual;5;RJ;SE
2016_AlexandraNascimentoAguiar;Diss 1.1\Estaduais\UERJ\Historia\Doutorado;251;263;AGUIAR, Alexandra;PRADO, Maria;2016;Doutorado;UERJHist;Estadual;5;RJ;SE
2017_SorayaMatosdeFreitas;Diss 1.1\Estaduais\UERJ\Historia\Doutorado;233;244;FREITAS, Soraya;GONÇALVES, Márcia;2017;Doutorado;UERJHist;Estadual;5;RJ;SE
2018_CamilaFreire;Diss 1.1\Estaduais\UERJ\Historia social\Mestrado;184;191;FREIRE, Camila;SILVA, Ana;2018;Mestrado;UERJSoc;Estadual;4;RJ;SE
2018_MatheusPedrosa;Diss 1.1\Estaduais\UERJ\Historia social\Mestrado;234;242;PEDROSA, Matheus;MONTEIRO, Cláudio;2018;Mestrado;UERJSoc;Estadual;4;RJ;SE
2018_ReginaldoAndradeSilvaEstrela;Diss 1.1\Estaduais\UNEB\Mestrado;123;131;ESTRELA, Reginaldo;ALMEIDA, Kátia;2018;Mestrado;UNEB;Estadual;3;BA;NE
2018_RitaCassiaSantosSilva;Diss 1.1\Estaduais\UNEB\Mestrado;104;110;SILVA, Rita;FERREIRA, Elisangela;2018;Mestrado;UNEB;Estadual;3;BA;NE
2019_CaioPinheiroOliveira;Diss 1.1\Estaduais\UNEB\Mestrado;114;122;OLIVEIRA, Caio;ANDRADE, Celeste;2019;Mestrado;UNEB;Estadual;3;BA;NE
2014_MarianaAlicePereiraaSchatzerRibeiro;Diss 1.1\Estaduais\UNESP\Assis\Mestrado;183;194;RIBEIRO, Mariana;SILVA, Lúcia;2014;Mestrado;UNESPAssis;Estadual;4;SP;SE
2014_RaphaelMartinsRicardo;Diss 1.1\Estaduais\UNESP\Assis\Mestrado;122;131;RICARDO, Raphael;MENDES, Claudinei;2014;Mestrado;UNESPAssis;Estadual;4;SP;SE
2014_RobertoManoelAndreoniAdolfo;Diss 1.1\Estaduais\UNESP\Assis\Mestrado;142;147;ADOLFO, Roberto;CARDOSO JÚNIOR, Hélio;2014;Mestrado;UNESPAssis;Estadual;4;SP;SE
2014_WesleyDartagnanSalles;Diss 1.1\Estaduais\UNESP\Assis\Mestrado;216;230;SALLES, Wesley;MENDES, Claudinei;2014;Mestrado;UNESPAssis;Estadual;4;SP;SE
2017_KamilaRosaCzepula;Diss 1.1\Estaduais\UNESP\Assis\Mestrado;124;128;CZEPULA, Kamila;BARREIRO, José;2017;Mestrado;UNESPAssis;Estadual;4;SP;SE
2018_MaysaSilvaOliveira;Diss 1.1\Estaduais\UNESP\Assis\Mestrado;115;127;OLIVEIRA, Maysa;GONÇALVES, Paulo;2018;Mestrado;UNESPAssis;Estadual;4;SP;SE
2014_LeonardoBrunoSilva;Diss 1.1\Estaduais\UNESP\Assis\Doutorado;201;207;SILVA, Leonardo;BUENO, Clodoaldo;2014;Doutorado;UNESPAssis;Estadual;4;SP;SE
2018_RobsonRobertoSilva;Diss 1.1\Estaduais\UNESP\Assis\Doutorado;473;486;SILVA, Robson;SILVA, Lúcia;2018;Doutorado;UNESPAssis;Estadual;4;SP;SE
2015_ViniciusFattori;Diss 1.1\Estaduais\UNESP\Franca\Mestrado;104;110;FATTORI, Vinícius;FERREIRA, Ricardo;2015;Mestrado;UNESPFranca;Estadual;5;SP;SE
2016_DaviMachadoRocha;Diss 1.1\Estaduais\UNESP\Franca\Mestrado;100;114;ROCHA, Davi;FRANÇA, Jean;2016;Mestrado;UNESPFranca;Estadual;5;SP;SE
2016_DiegoAndradeBispo;Diss 1.1\Estaduais\UNESP\Franca\Mestrado;116;126;BISPO, Diego;FERREIRA, Ricardo;2016;Mestrado;UNESPFranca;Estadual;5;SP;SE
2018_AdrielliSouzaCosta;Diss 1.1\Estaduais\UNESP\Franca\Mestrado;116;121;COSTA, Adrielli;FERREIRA, Ricardo;2018;Mestrado;UNESPFranca;Estadual;5;SP;SE
2016_GilbertoGuizelin;Diss 1.1\Estaduais\UNESP\Franca\Doutorado;264;279;GUIZELIN, Gilberto;SOARES, Samuel;2016;Doutorado;UNESPFranca;Estadual;5;SP;SE
2019_AntonioMarcoVenturaMartins;Diss 1.1\Estaduais\UNESP\Franca\Doutorado;267;283;MARTINS, Antônio;FERREIRA, Ricardo;2019;Doutorado;UNESPFranca;Estadual;5;SP;SE
2014_DayanaFacanhaCarvalho;Diss 1.1\Estaduais\UNICAMP\mestrado;235;238;CARVALHO, Dayana;CHALHOUB, Sidney;2014;Mestrado;UNICAMP;Estadual;6;SP;SE
2016_LeticiaGrazieledeFreitasLemes;Diss 1.1\Estaduais\UNICAMP\mestrado;172;174;LEMES, Leticia;LARA, Silvia;2016;Mestrado;UNICAMP;Estadual;6;SP;SE
2018_FelipePiresVilasBoas;Diss 1.1\Estaduais\UNICAMP\mestrado;174;201;BOAS, Felipe;REGINALDO, Lucilene;2018;Mestrado;UNICAMP;Estadual;6;SP;SE
2018_TamiresSacardoLico;Diss 1.1\Estaduais\UNICAMP\mestrado;111;116;LICO, Tamires;SILVA, Fernando;2018;Mestrado;UNICAMP;Estadual;6;SP;SE
2019_FelipeDeMeloAlvarenga;Diss 1.1\Estaduais\UNICAMP\mestrado;238;251;ALVARENGA, Felipe;PIROLA, Ricardo;2019;Mestrado;UNICAMP;Estadual;6;SP;SE
2019_GuidoGuimaraesSantos;Diss 1.1\Estaduais\UNICAMP\mestrado;178;184;SANTOS, Guido;PIROLA, Ricardo;2019;Mestrado;UNICAMP;Estadual;6;SP;SE
2014_AnaFlaviaMagalhaesPinto;Diss 1.1\Estaduais\UNICAMP\doutorado;332;350;PINTO, Ana;CHALHOUB, Sidney;2014;Doutorado;UNICAMP;Estadual;6;SP;SE
2014_MarcusViniciusdeFreitasRosa;Diss 1.1\Estaduais\UNICAMP\doutorado;324;332;ROSA, Marcus;CUNHA, Maria;2014;Doutorado;UNICAMP;Estadual;6;SP;SE
2014_MariaEmiliaVasconcelosdosSantos;Diss 1.1\Estaduais\UNICAMP\doutorado;214;227;SANTOS, Maria;LARA, Silvia;2014;Doutorado;UNICAMP;Estadual;6;SP;SE
2017_AdalbertoJuniorFerreiraPaz;Diss 1.1\Estaduais\UNICAMP\doutorado;275;292;PAZ, Adalberto;BATALHA, Claudio;2017;Doutorado;UNICAMP;Estadual;6;SP;SE
2017_CrislayneGlossMaraoAlfagali;Diss 1.1\Estaduais\UNICAMP\doutorado;320;338;ALFAGALI, Crislayne;LARA, Silvia;2017;Doutorado;UNICAMP;Estadual;6;SP;SE
2017_LeticiaGregorioCanelas;Diss 1.1\Estaduais\UNICAMP\doutorado;435;456;CANELAS, Leticia;SLENES, Robert;2017;Doutorado;UNICAMP;Estadual;6;SP;SE
2018_JosePereiraDeSantanaNeto;Diss 1.1\Estaduais\UNICAMP\doutorado;271;281;SANTANA NETO, José;CHALHOUB, Sidney;2018;Doutorado;UNICAMP;Estadual;6;SP;SE
2018_LauraCandianFraccaro;Diss 1.1\Estaduais\UNICAMP\doutorado;180;188;FRACCARO, Laura;SLENES, Robert;2018;Doutorado;UNICAMP;Estadual;6;SP;SE
2015_MarianiBandeiraCruzOliveira;Diss 1.1\Estaduais\UNICENTRO\Mestrado;98;103;OLIVEIRA, Mariani;FRANCO NETTO, Fernando;2015;Mestrado;UNICENTRO;Estadual;3;PR;SE
2015_NeideSantosRodrigues;Diss 1.1\Estaduais\UNICENTRO\Mestrado;121;127;RODRIGUES, Neide;OLIVEIRA, Oséias;2015;Mestrado;UNICENTRO;Estadual;3;PR;SE
2018_LeandroCastroTavares;Diss 1.1\Estaduais\UNICENTRO\Mestrado;129;136;TAVARES, Leandro;OLIVEIRA, Oséias;2018;Mestrado;UNICENTRO;Estadual;3;PR;SE
2018_MarceloAlbertoPinto;Diss 1.1\Estaduais\UNICENTRO\Mestrado;108;115;PINTO, Marcelo;GILLIES, Ana;2018;Mestrado;UNICENTRO;Estadual;3;PR;SE
2014_BeatrizLibanoBastosAzevedo;Diss 1.1\Estaduais\USP\HistEconomica\Mestrado;160;170;AZEVEDO, Beatriz;RICUPERO, Rodrigo;2014;Mestrado;USPEcon;Estadual;3;SP;SE
2014_MarceloFreitasSoaresDeMoraesCruz;Diss 1.1\Estaduais\USP\HistEconomica\Mestrado;157;165;CRUZ, Marcelo;BARBOSA, Alexandre;2014;Mestrado;USPEcon;Estadual;3;SP;SE
2015_DaniloChavesNakamura;Diss 1.1\Estaduais\USP\HistEconomica\Mestrado;167;174;NAKAMURA, Danilo;GRESPAN, Jorge;2015;Mestrado;USPEcon;Estadual;3;SP;SE
2015_DiegoDeCambraiaMartins;Diss 1.1\Estaduais\USP\HistEconomica\Mestrado;147;151;MARTINS, Diego;PUNTONI, Pedro;2015;Mestrado;USPEcon;Estadual;3;SP;SE
2015_EduardoJoseVieira;Diss 1.1\Estaduais\USP\HistEconomica\Mestrado;118;122;VIEIRA, Eduardo;SAES, Alexandre;2015;Mestrado;USPEcon;Estadual;3;SP;SE
2016_ElvanderDosSantosPedroQuaresma;Diss 1.1\Estaduais\USP\HistEconomica\Mestrado;165;167;QUARESMA, Elvander;FERLINI, Vera;2016;Mestrado;USPEcon;Estadual;3;SP;SE
2017_RafaelaCarvalhoPinheiro;Diss 1.1\Estaduais\USP\HistEconomica\Mestrado;162;174;PINHEIRO, Rafaela;LOPES, Luciana;2017;Mestrado;USPEcon;Estadual;3;SP;SE
2019_AnaElisaSalmaso;Diss 1.1\Estaduais\USP\HistEconomica\Mestrado;131;141;SALMASO, Ana;MOTTA, José;2019;Mestrado;USPEcon;Estadual;3;SP;SE
2014_CarlosEduardoRovaron;Diss 1.1\Estaduais\USP\HistEconomica\Doutorado;471;492;ROVARON, Carlos;FERLINI, Vera;2014;Doutorado;USPEcon;Estadual;3;SP;SE
2015_CleytonRodriguesDosSantos;Diss 1.1\Estaduais\USP\HistEconomica\Doutorado;366;381;SANTOS, Cleyton;ARRUDA, José;2015;Doutorado;USPEcon;Estadual;3;SP;SE
2015_FernandoAntonioAlvesDaCosta;Diss 1.1\Estaduais\USP\HistEconomica\Doutorado;364;373;COSTA, Fernando;MOTTA, José;2015;Doutorado;USPEcon;Estadual;3;SP;SE
2017_DanielSouzaBarroso;Diss 1.1\Estaduais\USP\HistEconomica\Doutorado;315;333;BARROSO, Daniel;MOTTA, José;2017;Doutorado;USPEcon;Estadual;3;SP;SE
2017_FranciscoBarbosaDeMacedo;Diss 1.1\Estaduais\USP\HistEconomica\Doutorado;498;527;MACEDO, Francisco;SECCO, Lincoln;2017;Doutorado;USPEcon;Estadual;3;SP;SE
2019_MarceloLoyolaDeAndrade;Diss 1.1\Estaduais\USP\HistEconomica\Doutorado;258;276;ANDRADE, Marcelo;GUTIÉRREZ, Horacio;2019;Doutorado;USPEcon;Estadual;3;SP;SE
2014_RogerioBarretoSantana;Diss 1.1\Estaduais\USP\HistSocial\Mestrado;145;162;SANTANA, Rogério;MARQUESE, Rafael;2014;Mestrado;USPSoc;Estadual;6;SP;SE
2015_AdilsonEdneiFelipe;Diss 1.1\Estaduais\USP\HistSocial\Mestrado;99;106;FELIPE, Adilson;LEONZO, Nanci;2015;Mestrado;USPSoc;Estadual;6;SP;SE
2015_FilipeNicolettiRibeiro;Diss 1.1\Estaduais\USP\HistSocial\Mestrado;251;258;RIBEIRO, Filipe;DANTAS, Monica;2015;Mestrado;USPSoc;Estadual;6;SP;SE
2016_AlecIchiroIto;Diss 1.1\Estaduais\USP\HistSocial\Mestrado;390;408;ITO, Alec;SOUZA, Marina;2016;Mestrado;USPSoc;Estadual;6;SP;SE
2016_AlexandreFerroOtsuka;Diss 1.1\Estaduais\USP\HistSocial\Mestrado;226;234;OTSUKA, Alexandre;MACHADO, Maria;2016;Mestrado;USPSoc;Estadual;6;SP;SE
2017_BrunaOliveiraSantiago;Diss 1.1\Estaduais\USP\HistSocial\Mestrado;135;143;SANTIAGO, Bruna;LIMA, Solange;2017;Mestrado;USPSoc;Estadual;6;SP;SE
2017_FelipeRodriguesAlfonso;Diss 1.1\Estaduais\USP\HistSocial\Mestrado;245;265;ALFONSO, Felipe;MARQUESE, Rafael;2017;Mestrado;USPSoc;Estadual;6;SP;SE
2017_MarceloRosanovaFerraro;Diss 1.1\Estaduais\USP\HistSocial\Mestrado;253;272;FERRARO, Marcelo;MARQUESE, Rafael;2017;Mestrado;USPSoc;Estadual;6;SP;SE
2017_RuanLevyAndradeReis;Diss 1.1\Estaduais\USP\HistSocial\Mestrado;162;168;REIS, Ruan;HERNANDEZ, Leila;2017;Mestrado;USPSoc;Estadual;6;SP;SE
2018_BrunoDaFonsecaMiranda;Diss 1.1\Estaduais\USP\HistSocial\Mestrado;231;250;MIRANDA, Bruno;MARQUESE, Rafael;2018;Mestrado;USPSoc;Estadual;6;SP;SE
2018_YaraceMorenaBoregasRego;Diss 1.1\Estaduais\USP\HistSocial\Mestrado;185;193;REGO, Yarace;WISSENBACH, Maria;2018;Mestrado;USPSoc;Estadual;6;SP;SE
2019_LumaRibeiroPrado;Diss 1.1\Estaduais\USP\HistSocial\Mestrado;225;236;PRADO, Luma;ZERON, Carlos;2019;Mestrado;USPSoc;Estadual;6;SP;SE
2019_PatriciaJunqueiraRodrigues;Diss 1.1\Estaduais\USP\HistSocial\Mestrado;115;124;RODRIGUES, Patrícia;BACELLAR, Carlos;2019;Mestrado;USPSoc;Estadual;6;SP;SE
2019_ThiagoDeAraujoFolador;Diss 1.1\Estaduais\USP\HistSocial\Mestrado;158;169;FOLADOR, Thiago;WISSENBACH, Maria;2019;Mestrado;USPSoc;Estadual;6;SP;SE
2019_TomasMottaTassinari;Diss 1.1\Estaduais\USP\HistSocial\Mestrado;161;172;TASSINARI, Tomas;AGNOLIN, Adone;2019;Mestrado;USPSoc;Estadual;6;SP;SE
2014_LucianaDaCruzBrito;Diss 1.1\Estaduais\USP\HistSocial\Doutorado;205;223;BRITO, Luciana;MACHADO, Maria;2014;Doutorado;USPSoc;Estadual;6;SP;SE
2014_MarcoAurelioDosSantos;Diss 1.1\Estaduais\USP\HistSocial\Doutorado;261;279;SANTOS, Marco;MARQUESE, Rafael;2014;Doutorado;USPSoc;Estadual;6;SP;SE
2014_MariaClaraSalesCarneiroSampaio;Diss 1.1\Estaduais\USP\HistSocial\Doutorado;253;282;SAMPAIO, Maria;MACHADO, Maria;2014;Doutorado;USPSoc;Estadual;6;SP;SE
2015_AlexandreAlmeidaMarcussi;Diss 1.1\Estaduais\USP\HistSocial\Doutorado;459;474;MARCUSSI, Alexandre;SOUZA, Marina;2015;Doutorado;USPSoc;Estadual;6;SP;SE
2015_DeboraMichelsMattos;Diss 1.1\Estaduais\USP\HistSocial\Doutorado;350;380;MATTOS, Débora;MACHADO, Maria;2015;Doutorado;USPSoc;Estadual;6;SP;SE
2015_JulianoCustodioSobrinho;Diss 1.1\Estaduais\USP\HistSocial\Doutorado;281;294;SOBRINHO, Juliano;MACHADO, Maria;2015;Doutorado;USPSoc;Estadual;6;SP;SE
2015_MairaChinelattoAlves;Diss 1.1\Estaduais\USP\HistSocial\Doutorado;309;324;ALVES, Maira;MACHADO, Maria;2015;Doutorado;USPSoc;Estadual;6;SP;SE
2015_TamisPeixotoParron;Diss 1.1\Estaduais\USP\HistSocial\Doutorado;463;502;PARRON, Tâmis;MARQUESE, Rafael;2015;Doutorado;USPSoc;Estadual;6;SP;SE
2015_WaldomiroLourencoDaSilvaJunior;Diss 1.1\Estaduais\USP\HistSocial\Doutorado;312;341;JUNIOR, Waldomiro;MARUESE, Rafael;2015;Doutorado;USPSoc;Estadual;6;SP;SE
2016_AngelaFilenoDaSilva;Diss 1.1\Estaduais\USP\HistSocial\Doutorado;322;337;SILVA, Angela;HERNANDEZ, Leila;2016;Doutorado;USPSoc;Estadual;6;SP;SE
2016_TarcisioDeSouzaGaspar;Diss 1.1\Estaduais\USP\HistSocial\Doutorado;602;647;GASPAR, Tarcisio;SOUZA, Laura;2016;Doutorado;USPSoc;Estadual;6;SP;SE
2016_VirginiaQueirozBarreto;Diss 1.1\Estaduais\USP\HistSocial\Doutorado;237;249;BARRETO, Virginia;DIAS, Maria;2016;Doutorado;USPSoc;Estadual;6;SP;SE
2017_CliceaMariaAugustoDeMiranda;Diss 1.1\Estaduais\USP\HistSocial\Doutorado;188;203;MIRANDA, Clícea;MACHADO, Maria;2017;Doutorado;USPSoc;Estadual;6;SP;SE
2017_DouglasGuimaraesLeite;Diss 1.1\Estaduais\USP\HistSocial\Doutorado;230;254;LEITE, Douglas;PIMENTA, João;2017;Doutorado;USPSoc;Estadual;6;SP;SE
2017_FernandoPrestesDeSouza;Diss 1.1\Estaduais\USP\HistSocial\Doutorado;503;532;SOUZA, Fernando;PUNTONI, Pedro;2017;Doutorado;USPSoc;Estadual;6;SP;SE
2017_MariliaBuenoDeAraujoAriza;Diss 1.1\Estaduais\USP\HistSocial\Doutorado;337;358;ARIZA, Marilia;MACHADO, Maria;2017;Doutorado;USPSoc;Estadual;6;SP;SE
2017_PriscilaDeLimaSouza;Diss 1.1\Estaduais\USP\HistSocial\Doutorado;385;411;SOUZA, Priscila;MARQUESE, Rafael;2017;Doutorado;USPSoc;Estadual;6;SP;SE
2018_MarcilioLimaFalcao;Diss 1.1\Estaduais\USP\HistSocial\Doutorado;296;321;FALCÃO, Marcilio;LEONZO, Nanci;2018;Doutorado;USPSoc;Estadual;6;SP;SE
2018_RenataRibeiroFrancisco;Diss 1.1\Estaduais\USP\HistSocial\Doutorado;249;260;FRANCISCO, Renata;GUTIÉRREZ, Horacio;2018;Doutorado;USPSoc;Estadual;6;SP;SE
2019_AlainElYoussef;Diss 1.1\Estaduais\USP\HistSocial\Doutorado;290;326;YOUSSEF, Alain;MARQUESE, Rafael;2019;Doutorado;USPSoc;Estadual;6;SP;SE
2019_LorenaFeresDaSilvaTelles;Diss 1.1\Estaduais\USP\HistSocial\Doutorado;318;345;TELLES, Lorena;MACHADO, Maria;2019;Doutorado;USPSoc;Estadual;6;SP;SE
2019_MoniqueCristinaDeSouzaLordelo;Diss 1.1\Estaduais\USP\HistSocial\Doutorado;175;191;LORDELO, Monique;GUTIÉRREZ, Horacio;2019;Doutorado;USPSoc;Estadual;6;SP;SE
